Article,Name,Price,Model,Body,Year,EngineType,Transmission,Bulk,Capbility,Mileage,Mark,Category
не задан,Насос кондиционера для Chevrolet Aveo T200 2009г,6000.00₽,Aveo T200 2002-2007гг,"Седан, Хэтчбек",2009,B12D1,передний,-,-,-,Chevrolet,Самовывоз со склада
не задан,Моторчик печки для Chevrolet Aveo T200 2006г,2000.00₽,Aveo T200 2002-2007гг,"Седан, Хэтчбек",2006,F14D3,передний,-,-,-,Chevrolet,Самовывоз со склада
не задан,Замок зажигания для Chevrolet Aveo T200 2006г,1500.00₽,Aveo T200 2002-2007гг,"Седан, Хэтчбек",2006,F14D3,передний,-,-,-,Chevrolet,Самовывоз со склада
не задан,Блок переключения печкой для Chevrolet Aveo T200 2006г,500.00₽,Aveo T200 2002-2007гг,"Седан, Хэтчбек",2006,F14D3,передний,-,-,-,Chevrolet,Самовывоз со склада
не задан,Панель приборов для Chevrolet Aveo T200 2006г,2000.00₽,Aveo T200 2002-2007гг,"Седан, Хэтчбек",2006,F14D3,передний,-,-,-,Chevrolet,Самовывоз со склада
не задан,Средняя консоль торпеды для Chevrolet Aveo T200 2006г,500.00₽,Aveo T200 2002-2007гг,"Седан, Хэтчбек",2006,F14D3,передний,-,-,-,Chevrolet,Самовывоз со склада
не задан,Салонный радиатор кондиционера для Chevrolet Aveo T200 2006г,1000.00₽,Aveo T200 2002-2007гг,"Седан, Хэтчбек",2006,F14D3,передний,-,-,-,Chevrolet,Самовывоз со склада
747,Бак топливный для Aveo T200 2002-2007гг,2000.00₽,Aveo T200 2002-2007гг,"Седан, Хэтчбек",2006,-,передний,-,-,-,Chevrolet,Самовывоз со склада
не задан,"Переключатель света, дворников для Chevrolet Aveo T200 2006г",500.00₽,Aveo T200 2002-2007гг,"Седан, Хэтчбек",2006,F14D3,передний,-,-,-,Chevrolet,Самовывоз со склада
672,Амортизатор передний правый для Aveo T200 2002-2007гг,1500.00₽,Aveo T200 2002-2007гг,"Седан, Хэтчбек",2002-2007,-,передний,-,-,-,Chevrolet,Самовывоз со склада
не задан,Радиатор печки для Chevrolet Aveo T200 2006г,1000.00₽,Aveo T200 2002-2007гг,"Седан, Хэтчбек",2006,F14D3,передний,-,-,-,Chevrolet,Самовывоз со склада
748,Приемная труба глушителя для Aveo T200 2002-2007гг,1000.00₽,Aveo T200 2002-2007гг,"Седан, Хэтчбек",2006,F14D3,передний,-,-,-,Chevrolet,Самовывоз со склада
300,Моторчик стеклоочистителя передний для Aveo T200 2005г,1500.00₽,Aveo T200 2002-2007гг,"Седан, Хэтчбек",2005,-,передний,-,-,-,Chevrolet,Самовывоз со склада
не задан,Катушка зажигания для Kia Ceed 2008г,1000.00₽,Ceed 2006-2012,"Хэтчбек, Универсал",2008,-,передний,-,-,-,Kia,Самовывоз со склада
745,Глушитель основной для Aveo T200 2002-2007гг,1000.00₽,Aveo T200 2002-2007гг,"Седан, Хэтчбек",2002,F14D3,передний,-,-,-,Chevrolet,Самовывоз со склада
не задан,Топливная форсунка для Kia Ceed 2008г,500.00₽,Ceed 2006-2012,"Хэтчбек, Универсал",2008,-,передний,-,-,-,Kia,Самовывоз со склада
240,Обшивка двери задней правой для Ceed 2006-2012,500.00₽,Ceed 2006-2012,-,2008,-,передний,-,-,-,Kia,Самовывоз со склада
356,Обшивка двери передней правой для Aveo T200 2002-2007гг,500.00₽,Aveo T200 2002-2007гг,"Седан, Хэтчбек",2002-2007,-,передний,-,-,-,Chevrolet,Самовывоз со склада
746,Средняя часть глушителя для Aveo T200 2002-2007гг,1000.00₽,Aveo T200 2002-2007гг,"Седан, Хэтчбек",2006,F14D3,передний,-,-,-,Chevrolet,Самовывоз со склада
263,Датчик ABS задний правый для Rio UB 2011-2017,500.00₽,Rio UB 2011-2017,Седан,2013,G4FC,передний,1.6,-,60 000 км,Kia,Самовывоз со склада
243,Петля двери задней правой нижняя для Ceed 2006-2012,300.00₽,Ceed 2006-2012,Хэтчбек,2008,-,передний,-,-,-,Kia,Самовывоз со склада
не задан,"Задний кардан (АКПП, бензин) для Kia Sorento BL",5000.00₽,Sorento BL 2002-2009,Внедорожник,2007,-,"передний, полный",3.3,-,-,Kia,Самовывоз со склада
не задан,Задняя правая дверь для Kia Sorento XM 2012г,3000.00₽,Sorento XM 2009-2014,Внедорожник,2012,-,"передний, полный",-,-,-,Kia,Самовывоз со склада
267,Турбина для Santa Fe (SM) 2000-2005,15000.00₽,Santa Fe (SM) 2000-2005,Внедорожник,2008,D4EA,полный,2.0,-,115 000 км,Hyundai,Самовывоз со склада
247,Накладка двери задней правой внутреняя,200.00₽,Ceed 2006-2012,-,2008,-,-,-,-,-,Kia,Самовывоз со склада
14,Патрубок воздушного фильтра для Santa Fe (SM) 2000-2005,500.00₽,Santa Fe (SM) 2000-2005,Кроссовер,-,D4EA,передний,2.0,-,-,Hyundai,Самовывоз со склада
не задан,Дроссельная заслонка для Kia Rio UB,5000.00₽,Rio UB 2011-2017,"Седан, Хэтчбек",2010,G4FC,передний,-,-,-,Kia,Самовывоз со склада
не задан,Задняя пружина для Hyundai Solaris,500.00₽,Solaris 2010-2017,"Седан, Хэтчбек",2013,-,передний,-,-,-,Hyundai,Самовывоз со склада
244,Петля двери задней правой верхняя для Ceed 2006-2012,300.00₽,Ceed 2006-2012,Хэтчбек,-,-,передний,-,-,-,Kia,Самовывоз со склада
не задан,Передняя правая фара для Hyundai Sonata EF,1500.00₽,Sonata EF 1997-2003,Седан,2001,-,передний,-,-,-,Hyundai,Самовывоз со склада
не задан,Главный тормозной цилиндр для Kia Cerato LD 2008г,2500.00₽,Cerato LD 2003-2009,"Седан, Хэтчбек",2008,G4FC,передний,-,-,-,Kia,Самовывоз со склада
не задан,Переднее правое зеркало заднего вида для Hyundai Matrix,3500.00₽,Matrix 2001-2005,Минивэн,2011,-,передний,-,-,-,Hyundai,Самовывоз со склада
не задан,Крышка багажника (серая) для Daewoo Nexia 2000г,1000.00₽,Nexia I 1995-2008гг,Седан,2000,-,передний,-,-,-,Daewoo,Самовывоз со склада
74,Фонарь задний наружный левый для ix35 2013г.,2500.00₽,Hyundai ix35,Кроссовер,2013,-,передний,-,-,80000,Hyundai,Самовывоз со склада
не задан,Задний левый стоп сигнал для Chevrolet Sens,500.00₽,Sens L-1300 2002-2016,"Седан, Хэтчбек",2005,-,передний,-,-,-,Chevrolet,Самовывоз со склада
не задан,Передняя левая дверь (с дефектом) для Kia Ceed 2013г,25000.00₽,Ceed 2013-2017,"Хэтчбек, Универсал",2013,-,передний,-,-,-,Kia,Самовывоз со склада
не задан,Передняя подушка мотора для Daewoo Matiz 2008г,300.00₽,Matiz M200 2005-2010гг,Хэтчбек,2008,B10S1,передний,-,-,-,Daewoo,Самовывоз со склада
не задан,Бензонасос для Chevrolet Spark M250,1500.00₽,Spark M300 2009-2015гг,Хэтчбек,2007,-,передний,-,-,40000 км,Chevrolet,Самовывоз со склада
не задан,Автомат дроссель для Hyundai Sonata EF,2000.00₽,Sonata EF 1997-2003,Седан,2001,-,передний,2.4,-,-,Hyundai,Самовывоз со склада
не задан,Крышка багажника для Chevrolet Sens 2013г,3000.00₽,Sens L-1300 2002-2016,"Седан, Хэтчбек",2013,-,передний,-,-,-,Chevrolet,Самовывоз со склада
не задан,Передний правый стеклоподъемник для Chevrolet Niva,500.00₽,Niva I 2002-2008гг,Кроссовер,2008,-,полный,-,-,-,Chevrolet,Самовывоз со склада
не задан,Задний карданный вал для Chevrolet Niva 2008г,1000.00₽,Niva I 2002-2008гг,Кроссовер,2008,-,полный,-,-,-,Chevrolet,Самовывоз со склада
не задан,Задняя часть кузова для Chevrolet Niva 2008г,5000.00₽,Niva I 2002-2008гг,Кроссовер,2008,-,полный,-,-,-,Chevrolet,Самовывоз со склада
не задан,Переднее право стекло для Chevrolet Niva,500.00₽,Niva I 2002-2008гг,Кроссовер,2008,-,полный,-,-,-,Chevrolet,Самовывоз со склада
не задан,Генератор для Chevrolet Aveo T250 2010г,3000.00₽,Aveo Т250 2007-2011гг,"Седан, Хэтчбек",2010,B12S1,передний,-,-,93000,Chevrolet,Самовывоз со склада
не задан,Впускной коллектор для Chevrolet Aveo T250 2010г,3000.00₽,Aveo Т250 2007-2011гг,"Седан, Хэтчбек",2010,B12S1,передний,-,-,93000,Chevrolet,Самовывоз со склада
489,Форсунки инжекторные электрические для Epica 2006-2012гг,500.00₽,Epica,Седан,2006-2012,-,-,-,-,-,Chevrolet,Самовывоз со склада
не задан,Топливные форсуни и рампа для Hyundai Elantra,2000.00₽,Elantra HD 2005-2010,Седан,2004,G4ED,предний,-,-,-,Hyundai,Самовывоз со склада
1,Шкив коленвала для Epica 2006-2012гг,500.00₽,Epica 2006-2012гг,-,2007,X20D1,передний,2,-,-,Chevrolet,Самовывоз со склада
100,Дверь задняя правая для Rezzo 2000-2008гг,8000.00₽,Rezzo 2000-2008гг,Минивэн,2008,-,передний,-,-,180000 км,Chevrolet,Самовывоз со склада
не задан,Задний кардан для SsangYong Actyon (АКПП),5000.00₽,Actyon 2005-2010,Кроссовер,2008,-,"полный, задний",2.0,-,-,SsangYong,Самовывоз со склада
373,Обшивка двери задней левой для Cruze J300 2011г.,500.00₽,Cruze J300 2008-2014гг,"Седан, Хэтчбек, Универсал",2011,-,передний,-,-,-,Chevrolet,Самовывоз со склада
406,Фонарь задний наружный правый для Cruze J300 2008-2014гг,3000.00₽,Cruze J300 2008-2014гг,Хэтчбек,2012,-,передний,-,-,-,Chevrolet,Самовывоз со склада
не задан,Передний правый суппорт для Kia Spectra,500.00₽,Spectra 2000-2011,Седан,2007,-,передний,-,-,-,Kia,Самовывоз со склада
не задан,Передняя правая обшивка салона для Kia Spectra,500.00₽,Spectra 2000-2011,Седан,2007,-,передний,-,-,-,Kia,Самовывоз со склада
708,Амортизатор задний для Cruze J300 2008-2014гг,1000.00₽,Cruze J300 2008-2014гг,"Седан, Хэтчбек, Универсал",2012,-,передний,-,-,377 км,Chevrolet,Самовывоз со склада
не задан,Передняя левая дверь в сборе для Kia Spectra,15000.00₽,Spectra 2000-2011,Седан,-,-,передний,-,-,-,Kia,Самовывоз со склада
не задан,Генератор для Kia Spectra 2008г,4000.00₽,Spectra 2000-2011,Седан,2008,S6D,передний,-,-,115 000 км,Kia,Самовывоз со склада
не задан,Противотуманка передняя для Kia Spectra,500.00₽,Spectra 2000-2011,Седан,-,-,передний,-,-,-,Kia,Самовывоз со склада
не задан,Передняя правая цапфа (кулак) для Kia Spectra,2000.00₽,Spectra 2000-2011,Седан,-,-,передний,-,-,-,Kia,Самовывоз со склада
не задан,Коробка передач МКПП для Kia Spectra 2008г,15000.00₽,Spectra 2000-2011,Седан,2008,S6D,передний,-,-,115 000 км,Kia,Самовывоз со склада
не задан,Передняя левая цапфа (кулак) для Kia Spectra,2000.00₽,Spectra 2000-2011,Седан,-,-,передний,-,-,-,Kia,Самовывоз со склада
не задан,Передний левый привод для Kia Spectra 2008г,4000.00₽,Spectra 2000-2011,Седан,2008,S6D,передний,-,-,115 000 км,Kia,Самовывоз со склада
не задан,Катушка зажигания для Kia Spectra 2008г,15000.00₽,Spectra 2000-2011,Седан,2008,S6D,передний,-,-,115 000 км,Kia,Самовывоз со склада
не задан,Передний правый рычаг для Kia Spectra 2008г,1500.00₽,Spectra 2000-2011,Седан,2008,S6D,передний,-,-,63 000 км,Kia,Самовывоз со склада
не задан,Передняя подушка мотора для Kia Spectra 2008г,500.00₽,Spectra 2000-2011,Седан,2008,S6D,передний,-,-,115 000 км,Kia,Самовывоз со склада
не задан,Правая подушка мотора для Kia Spectra 2008г,500.00₽,Spectra 2000-2011,Седан,2008,S6D,передний,-,-,115 000 км,Kia,Самовывоз со склада
не задан,Насос гидроусилителя руля для Kia Spectra 2008г,3000.00₽,Spectra 2000-2011,Седан,2008,S6D,передний,-,-,115 000 км,Kia,Самовывоз со склада
не задан,Передний правый тормозной суппорт для Kia Spectra 2008г,1000.00₽,Spectra 2000-2011,Седан,2008,S6D,передний,-,-,115 000 км,Kia,Самовывоз со склада
не задан,Форсунки (4 шт.) для Kia Spectra 2008г,2000.00₽,Spectra 2000-2011,Седан,2008,S6D,передний,-,-,115 000 км,Kia,Самовывоз со склада
не задан,Топлевные форсунки и рейка для Kia Spectra,2000.00₽,Spectra 2000-2011,Седан,-,S6D,передний,-,-,35 000 км,Kia,Самовывоз со склада
не задан,Заднее правое стекло для Kia Spectra 2007г,500.00₽,Spectra 2000-2011,Седан,2007,S6D,передний,-,-,-,Kia,Самовывоз со склада
не задан,Промежуточный вал правого привода МКПП для Kia Spectra 2008г,2000.00₽,Spectra 2000-2011,Седан,2008,S6D,передний,-,-,115 000 км,Kia,Самовывоз со склада
не задан,Маховик МКПП для Kia Spectra 2008г,1000.00₽,Spectra 2000-2011,Седан,2008,S6D,передний,-,-,115 000 км,Kia,Самовывоз со склада
не задан,"Блок управление раздаткой для Kia Sorento BL, бензин",2000₽,Sorento BL 2002-2009,Внедорожник,2007,-,"передний, полный",3.3,-,-,Kia,Самовывоз со склада
не задан,Фара левая с дефектом для Kia Sorento BL,2000.00₽,Sorento BL 2002-2009,Внедорожник,2007,-,"передний, полный",-,-,-,Kia,Самовывоз со склада
291,Усилитель тормозов вакуумный для Spectra 2000-2011,1000.00₽,Spectra 2000-2011,Седан,2008,S6D,передний,1.6,-,80000 км,Kia,Самовывоз со склада
257,ШРУС наружный передний для Spectra 2000-2011,2500.00₽,Spectra 2000-2011,Седан,2008,S6D,передний,1.6,-,60 000 км,Kia,Самовывоз со склада
9,Вентилятор радиатора кондицеонера для Spectra 2000-2011,1500.00₽,Spectra 2000-2011,Седан,2008,S6D,передний,1.6,-,60 000 км,Kia,Самовывоз со склада
10,Вентилятор радиатора для Spectra 2000-2011,1500.00₽,Spectra 2000-2011,Седан,2008,S6D,передний,1.6,-,80000 км,Kia,Самовывоз со склада
290,Рейка рулевая для Spectra 2000-2011,5000.00₽,Spectra 2000-2011,Седан,2008,S6D,передний,1.6,-,80000 км,Kia,Самовывоз со склада
не задан,Задний правый электростеклоподъемник для Kia Spectra 2007г,500.00₽,Spectra 2000-2011,Седан,2007,S6D,передний,-,-,-,Kia,Самовывоз со склада
259,Катушка зажигания для Spectra 2000-2011,1500.00₽,Spectra 2000-2011,Седан,2008,S6D,передний,1.6,-,93000,Kia,Самовывоз со склада
709,Амортизатор передний правый для Cruze J300 2008-2014гг,1500.00₽,Cruze J300 2008-2014гг,"Седан, Хэтчбек, Универсал",2012,-,передний,-,-,-,Chevrolet,Самовывоз со склада
256,Рейка топливная (рампа) с форсунками,2000.00₽,Spectra 2000-2011,Седан,2008,S6D,передний,1.6,-,80 000 км,Kia,Самовывоз со склада
663,Рычаг передний правый для Cruze J300 2008-2014гг,2500.00₽,Cruze J300 2008-2014гг,"Седан, Хэтчбек, Универсал",2012,-,передний,-,-,-,Chevrolet,Самовывоз со склада
613,Кулак поворотный передний левый для Cruze J300 2008-2014гг,2500.00₽,Cruze J300 2008-2014гг,"Седан, Хэтчбек, Универсал",2012,-,передний,-,-,-,Chevrolet,Самовывоз со склада
не задан,Стартер для Kia Spectra 2008г,4000.00₽,Spectra 2000-2011,Седан,2008,S6D,передний,-,-,115 000 км,Kia,Самовывоз со склада
713,Амортизатор передний левый для Cruze J300 2008-2014гг,1500.00₽,Cruze J300 2008-2014гг,"Седан, Хэтчбек, Универсал",2011,-,передний,-,-,-,Chevrolet,Самовывоз со склада
614,Суппорт передний левый для Cruze J300 2008-2014гг,1500.00₽,Cruze J300 2008-2014гг,"Седан, Хэтчбек, Универсал",2012,-,передний,-,-,-,Chevrolet,Самовывоз со склада
470,Насос топливный электрический для Cruze J300 2008-2014гг,5000.00₽,Cruze J300 2008-2014гг,"Седан, Хэтчбек, Универсал",2012,F18D4,передний,1.8,-,-,Chevrolet,Самовывоз со склада
615,Ступица задняя для Cruze J300 2008-2014гг,1500.00₽,Cruze J300 2008-2014гг,"Седан, Хэтчбек, Универсал",2012,-,передний,-,-,-,Chevrolet,Самовывоз со склада
612,Кулак поворотный передний правый для Cruze J300 2011г.,2500.00₽,Cruze J300 2008-2014гг,"Седан, Хэтчбек, Универсал",2011,-,передний,-,-,-,Chevrolet,Самовывоз со склада
500,Форсунки инжекторные электрические для Cruze J300 2011г.,2000.00₽,Cruze J300 2008-2014гг,"Седан, Хэтчбек, Универсал",2011,-,передний,-,-,-,Chevrolet,Самовывоз со склада
494,Форсунки инжекторные электрические для Cruze J300 2008-2014гг.,2000.00₽,Cruze J300 2008-2014гг,"Седан, Хэтчбек, Универсал",2012,-,передний,-,-,-,Chevrolet,Самовывоз со склада
668,Суппорт задний левый для Cruze J300 2008-2014гг.,2500.00₽,Cruze J300 2008-2014гг,"Седан, Хэтчбек, Универсал",2012,-,передний,-,-,-,Chevrolet,Самовывоз со склада
662,Суппорт передний правый для Cruze J300 2008-2014гг,1500.00₽,Cruze J300 2008-2014гг,"Седан, Хэтчбек, Универсал",2012,-,передний,-,-,-,Chevrolet,Самовывоз со склада
258,Шрус внутренний передний правый для Spectra 2000-2011,3000.00₽,Spectra 2000-2011,Седан,2008,S6D,передний,1.6,-,60 000 км,Kia,Самовывоз со склада
609,Ступица задняя для Cruze J300 2011г.,1500.00₽,Cruze J300 2008-2014гг,"Седан, Хэтчбек, Универсал",2011,-,передний,-,-,-,Chevrolet,Самовывоз со склада
608,Суппорт передний правый для Cruze J300 2011г.,1500.00₽,Cruze J300 2008-2014гг,"Седан, Хэтчбек, Универсал",2011,-,передний,-,-,-,Chevrolet,Самовывоз со склада
661,Кулак поворотный передний правый для Cruze J300 2012г.,2500.00₽,Cruze J300 2008-2014гг,"Седан, Хэтчбек, Универсал",2012,-,передний,-,-,-,Chevrolet,Самовывоз со склада
не задан,Стартер для Chevrolet Cruze J300,4000.00₽,Cruze J300 2008-2014гг,"Седан, Хэтчбек, Универсал",2013,F16D3,передний,1.6,-,60 000 км,Chevrolet,Самовывоз со склада
не задан,Радиатор охлождения гидроусилителя для Chevrolet Cruze J300,2000.00₽,Cruze J300 2008-2014гг,"Седан, Хэтчбек, Универсал",2013,F16D3,передний,1.6,-,60 000 км,Chevrolet,Самовывоз со склада
не задан,Усилитель переднего бампера для Chevrolet Cruze J300,2500.00₽,Cruze J300 2008-2014гг,"Седан, Хэтчбек, Универсал",2013,F16D3,передний,1.6,-,70 000 км,Chevrolet,Самовывоз со склада
не задан,Рулевая рейка для Chevrolet Cruze J300,10000.00₽,Cruze J300 2008-2014гг,"Седан, Хэтчбек, Универсал",2013,F16D3,передний,1.6,-,60 000 км,Chevrolet,Самовывоз со склада
288,Ступица задняя для Cruze J300 2012г.,1500.00₽,Cruze J300 2008-2014гг,"Седан, Хэтчбек, Универсал",2012,-,передний,-,-,-,Chevrolet,Самовывоз со склада
не задан,Задняя левая фара крышки багажника для Chevrolet Cruze J300,2000.00₽,Cruze J300 2008-2014гг,"Седан, Хэтчбек, Универсал",2011,-,передний,-,-,-,Chevrolet,Самовывоз со склада
не задан,Фара для Chevrolet Cruze J300,5000.00₽,Cruze J300 2008-2014гг,"Седан, Хэтчбек, Универсал",2013,F16D3,передний,1.6,-,70 000 км,Chevrolet,Самовывоз со склада
не задан,Главный тормозной цилиндр и вакуум для Chevrolet Cruze J300,8000.00₽,Cruze J300 2008-2014гг,"Седан, Хэтчбек, Универсал",2013,F16D3,передний,1.6,-,70 000 км,Chevrolet,Самовывоз со склада
не задан,Передний левый дверной замок для Chevrolet Cruze 2013г,2000.00₽,Cruze J300 2008-2014гг,"Седан, Хэтчбек, Универсал",2013,-,передний,-,-,-,Chevrolet,Самовывоз со склада
не задан,Тормозной вакуум для Chevrolet Cruze J300,4000.00₽,Cruze J300 2008-2014гг,"Седан, Хэтчбек, Универсал",2013,F16D3,передний,1.6,-,70 000 км,Chevrolet,Самовывоз со склада
не задан,Внутренняя декоративная рамка для Chevrolet Cruz J300 2013г,500.00₽,Cruze J300 2008-2014гг,"Седан, Хэтчбек, Универсал",2013,F16D3,передний,-,-,-,Chevrolet,Самовывоз со склада
не задан,Переднее левое стекло в дверь для Chevrolet Cruze 2013г,2500.00₽,Cruze J300 2008-2014гг,"Седан, Хэтчбек, Универсал",2013,-,передний,-,-,-,Chevrolet,Самовывоз со склада
не задан,Крышка багажника для Chevrolet Cruze J300,8000.00₽,Cruze J300 2008-2014гг,"Седан, Хэтчбек, Универсал",2011,-,передний,-,-,-,Chevrolet,Самовывоз со склада
не задан,Заднее левое стекло для Chevrolet Cruz J300 2013г,1000.00₽,Cruze J300 2008-2014гг,"Седан, Хэтчбек, Универсал",2013,F16D3,передний,-,-,-,Chevrolet,Самовывоз со склада
не задан,Задние пружины для Chevrolet Cruz J300 2013г,1000.00₽,Cruze J300 2008-2014гг,"Седан, Хэтчбек, Универсал",2013,F16D3,передний,-,-,-,Chevrolet,Самовывоз со склада
не задан,Топливные форсунки и рампа для Chevrolet Cruze J300,4000.00₽,Cruze J300 2008-2014гг,"Седан, Хэтчбек, Универсал",2013,F16D3,передний,1.6,-,70 000 км,Chevrolet,Самовывоз со склада
не задан,Шкив коленвала для Chevrolet Cruze J300,1000.00₽,Cruze J300 2008-2014гг,"Седан, Хэтчбек, Универсал",2013,F16D3,передний,1.6,-,70 000 км,Chevrolet,Самовывоз со склада
не задан,Задний амортизатор для Chevrolet Cruz J300 2013г,1000.00₽,Cruze J300 2008-2014гг,"Седан, Хэтчбек, Универсал",2013,F16D3,передний,-,-,-,Chevrolet,Самовывоз со склада
не задан,Передний левый электро-стеклоподъемник для Chevrolet Cruze 2013г,3500.00₽,Cruze J300 2008-2014гг,"Седан, Хэтчбек, Универсал",2013,-,передний,-,-,-,Chevrolet,Самовывоз со склада
не задан,Задняя наружная левая ручка двери для Chevrolet Cruz J300 2013г,1000.00₽,Cruze J300 2008-2014гг,"Седан, Хэтчбек, Универсал",2013,F16D3,передний,-,-,-,Chevrolet,Самовывоз со склада
не задан,Задний правый брызговик для Chevrolet Cruz J300 2013г,300.00₽,Cruze J300 2008-2014гг,"Седан, Хэтчбек, Универсал",2013,F16D3,передний,-,-,-,Chevrolet,Самовывоз со склада
не задан,Бензонасос для Chevrolet Cruz J300 2013г,5000.00₽,Cruze J300 2008-2014гг,"Седан, Хэтчбек, Универсал",2013,F16D3,передний,-,-,-,Chevrolet,Самовывоз со склада
342,Обшивка двери задней левой для Cruze J300 2008-2014гг,500.00₽,Cruze J300 2008-2014гг,"Седан, Хэтчбек, Универсал",2012,-,передний,-,-,-,Chevrolet,Самовывоз со склада
не задан,Задний левый замок для Chevrolet Cruz J300 2013г,1000.00₽,Cruze J300 2008-2014гг,"Седан, Хэтчбек, Универсал",2013,F16D3,передний,-,-,-,Chevrolet,Самовывоз со склада
370,Обшивка двери передней левой для Cruze J300 2008-2014гг,1500.00₽,Cruze J300 2008-2014гг,"Седан, Хэтчбек, Универсал",2011,-,передний,-,-,-,Chevrolet,Самовывоз со склада
не задан,Задняя левая накладка двери для Chevrolet Cruz J300 2013г,200.00₽,Cruze J300 2008-2014гг,"Седан, Хэтчбек, Универсал",2013,F16D3,передний,-,-,-,Chevrolet,Самовывоз со склада
не задан,Задняя левая форточка для Chevrolet Cruz J300 2013г,500.00₽,Cruze J300 2008-2014гг,"Седан, Хэтчбек, Универсал",2013,F16D3,передний,-,-,-,Chevrolet,Самовывоз со склада
383,Фонарь задний наружный левый для Cruze J300 2008-2014гг,3000.00₽,Cruze J300 2008-2014гг,Хэтчбек,2012,-,передний,-,-,-,Chevrolet,Самовывоз со склада
611,Суппорт передний левый для Cruze J300 2011г.,1500.00₽,Cruze J300 2008-2014гг,"Седан, Хэтчбек, Универсал",2011,-,передний,-,-,-,Chevrolet,Самовывоз со склада
382,Фонарь задний наружный левый для Cruze J300 2011г.,3000.00₽,Cruze J300 2008-2014гг,Хэтчбек,2011,-,передний,-,-,-,Chevrolet,Самовывоз со склада
334,Обшивка двери задней правой для Cruze J300 2008-2014гг,500.00₽,Cruze J300 2008-2014гг,"Седан, Хэтчбек, Универсал",2012,-,передний,-,-,-,Chevrolet,Самовывоз со склада
не задан,Бензонасос для Hyundai Accent LC,2500.00₽,Accent LC 2000-2006,Седан,-,-,предний,-,-,120000 км,Hyundai,Самовывоз со склада
не задан,Топливные форсунки и рампа для Hyundai Accent,2500.00₽,Accent LC 2000-2006,Седан,-,G4EC,предний,-,-,110 000 км,Hyundai,Самовывоз со склада
не задан,Задний правый стоп сигнал для Hyundai Accent,1000.00₽,Accent LC 2000-2006,Седан,-,G4EC,предний,-,-,-,Hyundai,Самовывоз со склада
484,Форсунка инжекторная электрическая для Cruze J300 2008-2014гг,500.00₽,Cruze J300 2008-2014гг,"Седан, Хэтчбек, Универсал",2012,F16D3,передний,-,-,-,Chevrolet,Самовывоз со склада
не задан,Передний тормозной диск для Hyundai Accent,500.00₽,Accent LC 2000-2006,Седан,2005,G4EC,предний,-,-,110 000 км,Hyundai,Самовывоз со склада
394,Фонарь задний наружный правый для Cruze J300 2011г.,3000.00₽,Cruze J300 2008-2014гг,Хэтчбек,2011,-,передний,-,-,-,Chevrolet,Самовывоз со склада
не задан,Передний правый стеклоподъемник для Kia Spectra,1000.00₽,Spectra 2000-2011,Седан,2007,-,передний,-,-,-,Kia,Самовывоз со склада
не задан,Главный тормозной цилиндр и вакуум для Hyundai Accent,2500.00₽,Accent LC 2000-2006,Седан,-,G4EC,предний,-,-,-,Hyundai,Самовывоз со склада
371,Обшивка двери передней правой для Cruze J300 2008-2014гг,1500.00₽,Cruze J300 2008-2014гг,"Седан, Хэтчбек, Универсал",2012,-,передний,-,-,-,Chevrolet,Самовывоз со склада
не задан,Дроссель для Kia Spectra,1500.00₽,Spectra 2000-2011,Седан,-,S6D,передний,-,-,-,Kia,Самовывоз со склада
не задан,Задняя левая дверь в сборе для Kia Spectra,13000.00₽,Spectra 2000-2011,Седан,-,S6D,передний,-,-,-,Kia,Самовывоз со склада
не задан,Бензонасос высокого давления для Kia Spectra,2500.00₽,Spectra 2000-2011,Седан,2007,S6D,передний,-,-,80000 км,Kia,Самовывоз со склада
не задан,Зеркало заднего вида правое для Kia Spectra,2500.00₽,Spectra 2000-2011,Седан,-,S6D,передний,-,-,-,Kia,Самовывоз со склада
не задан,Двигатель ДВС для Kia Spectra,40000.00₽,Spectra 2000-2011,Седан,-,S6D,передний,-,-,115 000 км,Kia,Самовывоз со склада
не задан,Переднее правое стекло для Kia Spectra,1000.00₽,Spectra 2000-2011,Седан,2007,-,передний,-,-,-,Kia,Самовывоз со склада
не задан,Задний левый стоп сигнал для Kia Spectra,2500.00₽,Spectra 2000-2011,Седан,-,S6D,передний,-,-,-,Kia,Самовывоз со склада
не задан,Передний левый суппорт для Hyundai Accent,500.00₽,Accent LC 2000-2006,Седан,2004,G4EC,предний,-,-,110 000 км,Hyundai,Самовывоз со склада
не задан,Передний левый суппорт  для Kia Spectra,500.00₽,Spectra 2000-2011,Седан,2007,-,передний,-,-,-,Kia,Самовывоз со склада
не задан,Зеркало переднее левое для Kia Spectra,2500.00₽,Spectra 2000-2011,Седан,-,S6D,передний,-,-,-,Kia,Самовывоз со склада
не задан,Передний левый рычаг для Kia Spectra,1500.00₽,Spectra 2000-2011,Седан,2007,-,передний,-,-,-,Kia,Самовывоз со склада
не задан,Передний правый привод  для Kia Spectra,7000.00₽,Spectra 2000-2011,Седан,2007,-,передний,-,-,-,Kia,Самовывоз со склада
не задан,Главный тормозной цилиндр для Hyundai Accent 2007г,1500.00₽,Accent LC 2000-2006,Седан,2007,G4EC,предний,-,-,-,Hyundai,Самовывоз со склада
не задан,"Вентилятор охлаждения, диффузор для Hyundai Accent 2007г",1500.00₽,Accent LC 2000-2006,Седан,2007,G4EC,предний,-,-,-,Hyundai,Самовывоз со склада
не задан,Блок переключения печкой для Hyundai Accent 2007г,1000.00₽,Accent LC 2000-2006,Седан,2007,G4EC,предний,-,-,-,Hyundai,Самовывоз со склада
не задан,Переключатель света дворников для Hyundai Accent 2007г,1000.00₽,Accent LC 2000-2006,Седан,2007,G4EC,предний,-,-,-,Hyundai,Самовывоз со склада
не задан,Блок управление стеклоподъемниками для Hyundai Accent 2007г,500.00₽,Accent LC 2000-2006,Седан,2007,G4EC,предний,-,-,-,Hyundai,Самовывоз со склада
не задан,Кислородный датчик для Hyundai Accent 2007г,1000.00₽,Accent LC 2000-2006,Седан,2007,G4EC,предний,-,-,-,Hyundai,Самовывоз со склада
не задан,Правое зеркало заднего вида для Hyundai Accent 2007г,1000.00₽,Accent LC 2000-2006,Седан,2007,G4EC,предний,-,-,-,Hyundai,Самовывоз со склада
не задан,Моторчик передних дворников для Hyundai Accent 2007г,1500.00₽,Accent LC 2000-2006,Седан,2007,G4EC,предний,-,-,-,Hyundai,Самовывоз со склада
не задан,Трубка кондиционера для Hyundai Accent 2007г,1000.00₽,Accent LC 2000-2006,Седан,2007,G4EC,предний,-,-,-,Hyundai,Самовывоз со склада
не задан,Подушка коробки левая для Hyundai Accent 2007г,500.00₽,Accent LC 2000-2006,Седан,2007,G4EC,предний,-,-,-,Hyundai,Самовывоз со склада
не задан,Главный цилиндр сцепления для Hyundai Accent 2007г,500.00₽,Accent LC 2000-2006,Седан,2007,G4EC,предний,-,-,-,Hyundai,Самовывоз со склада
333,Обшивка двери задней правой для Cruze J300 2011г.,500.00₽,Cruze J300 2008-2014гг,"Седан, Хэтчбек, Универсал",2011,-,передний,-,-,-,Chevrolet,Самовывоз со склада
не задан,Трубка охлаждения гура для Hyundai Accent 2007г,500.00₽,Accent LC 2000-2006,Седан,2007,G4EC,предний,-,-,-,Hyundai,Самовывоз со склада
не задан,Радиатор охлаждения мотора для Hyundai Accent 2007г,1500.00₽,Accent LC 2000-2006,Седан,2007,G4EC,предний,-,-,-,Hyundai,Самовывоз со склада
не задан,Контактная группа для Hyundai Accent 2007г,500.00₽,Accent LC 2000-2006,Седан,2007,G4EC,предний,-,-,-,Hyundai,Самовывоз со склада
не задан,Подушка мотора правая для Hyundai Accent 2007г,500.00₽,Accent LC 2000-2006,Седан,2007,G4EC,предний,-,-,-,Hyundai,Самовывоз со склада
354,Обшивка двери передней левой для Cruze J300 2012г,1500.00₽,Cruze J300 2008-2014гг,"Седан, Хэтчбек, Универсал",2012,-,-,-,-,-,Chevrolet,Самовывоз со склада
475,Насос топливный электрический для Cruz 2012г,3500.00₽,Cruze J300 2008-2014гг,"Седан, Хэтчбек, Универсал",2012,-,передний,-,-,120 000 км,Chevrolet,Самовывоз со склада
369,Обшивка двери передней левой для Cruze J300 2011г,1500.00₽,Cruze J300 2008-2014гг,"Седан, Хэтчбек, Универсал",2011,-,передний,-,-,-,Chevrolet,Самовывоз со склада
359,Обшивка двери задней левой для Cruze J300 2012г.,500.00₽,Cruze J300 2008-2014гг,"Седан, Хэтчбек, Универсал",2012,-,передний,-,-,-,Chevrolet,Самовывоз со склада
339,Обшивка двери передней правой для Cruze J300 2011г.,1500.00₽,Cruze J300 2008-2014гг,"Седан, Хэтчбек, Универсал",2011,-,передний,-,-,-,Chevrolet,Самовывоз со склада
не задан,Корпус воздушного фильтра для Hyundai Accent 2007г,1500.00₽,Accent LC 2000-2006,Седан,2007,G4EC,предний,-,-,-,Hyundai,Самовывоз со склада
456,Насос топливный электрический для Cruz 2011г,5000.00₽,Cruze J300 2008-2014гг,"Седан, Хэтчбек, Универсал",2011,"F18D4, Z18XER",передний,1.8,-,40 000 км,Chevrolet,Самовывоз со склада
не задан,Корзина сцепления для Chevrolet Cruze J300,1000.00₽,Cruze J300 2008-2014гг,"Седан, Хэтчбек, Универсал",2013,F16D3,передний,1.6,-,60 000 км,Chevrolet,Самовывоз со склада
не задан,Крыло переднее левое для Chevrolet Cruze J300,4000.00₽,Cruze J300 2008-2014гг,"Седан, Хэтчбек, Универсал",2013,F16D3,передний,1.6,-,60 000 км,Chevrolet,Самовывоз со склада
не задан,Левое зеркало заднего вида для Chevrolet Cruze J300,5000.00₽,Cruze J300 2008-2014гг,"Седан, Хэтчбек, Универсал",2013,F16D3,передний,1.6,-,60 000 км,Chevrolet,Самовывоз со склада
не задан,Крышка багажника + заднее стекло для Chevrolet Cruze J300,20000.00₽,Cruze J300 2008-2014гг,"Седан, Хэтчбек, Универсал",2013,F16D3,передний,1.6,-,60 000 км,Chevrolet,Самовывоз со склада
не задан,Механическая коробка передач (МКПП) для Chevrolet Cruze J300,25000.00₽,Cruze J300 2008-2014гг,"Седан, Хэтчбек, Универсал",2013,F16D3,передний,1.6,-,60 000 км,Chevrolet,Самовывоз со склада
не задан,Насос кондиционера для Chevrolet Cruze J300,6000.00₽,Cruze J300 2008-2014гг,"Седан, Хэтчбек, Универсал",2013,F16D3,передний,1.6,-,60 000 км,Chevrolet,Самовывоз со склада
не задан,Модуль зажигания для Chevrolet Cruze J300,2000.00₽,Cruze J300 2008-2014гг,"Седан, Хэтчбек, Универсал",2013,F16D3,передний,1.6,-,60 000 км,Chevrolet,Самовывоз со склада
не задан,"Передний бампер, решетка радиатора для Chevrolet Cruze J300",12000.00₽,Cruze J300 2008-2014гг,"Седан, Хэтчбек, Универсал",2013,F16D3,передний,1.6,-,60 000 км,Chevrolet,Самовывоз со склада
не задан,Корпус воздушного фильтра для Chevrolet Cruze J300,1000.00₽,Cruze J300 2008-2014гг,"Седан, Хэтчбек, Универсал",2013,F16D3,передний,1.6,-,60 000 км,Chevrolet,Самовывоз со склада
не задан,Передний левый рычаг для Chevrolet Cruze J300,3500.00₽,Cruze J300 2008-2014гг,"Седан, Хэтчбек, Универсал",2013,F16D3,передний,1.6,-,60 000 км,Chevrolet,Самовывоз со склада
не задан,Обшивка задней правой двери для Chevrolet Cruze J300,1000.00₽,Cruze J300 2008-2014гг,"Седан, Хэтчбек, Универсал",2013,F16D3,передний,1.6,-,60 000 км,Chevrolet,Самовывоз со склада
не задан,Передний левый суппорт  для Chevrolet Cruze J300,1500.00₽,Cruze J300 2008-2014гг,"Седан, Хэтчбек, Универсал",2011,F16D3,передний,1.6,-,60 000 км,Chevrolet,Самовывоз со склада
не задан,Передний подрамник подвески для Chevrolet Cruze J300,10000.00₽,Cruze J300 2008-2014гг,"Седан, Хэтчбек, Универсал",2013,F16D3,передний,1.6,-,60 000 км,Chevrolet,Самовывоз со склада
не задан,Крыло переднее правое для Chevrolet Cruze J300,4000.00₽,Cruze J300 2008-2014гг,"Седан, Хэтчбек, Универсал",2013,F16D3,передний,1.6,-,60 000 км,Chevrolet,Самовывоз со склада
не задан,"Передняя блок-ступица, тормозной диск для Chevrolet Cruze J300",2500.00₽,Cruze J300 2008-2014гг,"Седан, Хэтчбек, Универсал",2011,F16D3,передний,1.6,-,60 000 км,Chevrolet,Самовывоз со склада
не задан,Передний правый привод (МКПП) для Chevrolet Cruze J300,5000.00₽,Cruze J300 2008-2014гг,"Седан, Хэтчбек, Универсал",2013,F16D3,передний,1.6,-,60 000 км,Chevrolet,Самовывоз со склада
не задан,Передний тормозной диск для Chevrolet Cruze J300,500.00₽,Cruze J300 2008-2014гг,"Седан, Хэтчбек, Универсал",2011,F16D3,передний,1.6,-,60 000 км,Chevrolet,Самовывоз со склада
не задан,Мультимедия для Chevrolet Cruze J300,5000.00₽,Cruze J300 2008-2014гг,"Седан, Хэтчбек, Универсал",2013,F16D3,передний,1.6,-,60 000 км,Chevrolet,Самовывоз со склада
не задан,Передняя левая стойка в сборе для Chevrolet Cruze J300,10000.00₽,Cruze J300 2008-2014гг,"Седан, Хэтчбек, Универсал",2013,F16D3,передний,1.6,-,60 000 км,Chevrolet,Самовывоз со склада
не задан,Передний левый привод (МКПП) для Chevrolet Cruze J300,5000.00₽,Cruze J300 2008-2014гг,"Седан, Хэтчбек, Универсал",2013,F16D3,передний,1.6,-,60 000 км,Chevrolet,Самовывоз со склада
не задан,Передняя правая стойка в сборе для Chevrolet Cruze J300,10000.00₽,Cruze J300 2008-2014гг,"Седан, Хэтчбек, Универсал",2013,F16D3,передний,1.6,-,60 000 км,Chevrolet,Самовывоз со склада
не задан,Передняя правая фара для Chevrolet Cruze J300,6000.00₽,Cruze J300 2008-2014гг,"Седан, Хэтчбек, Универсал",2013,F16D3,передний,1.6,-,60 000 км,Chevrolet,Самовывоз со склада
не задан,Правое зеркало заднего вида для Chevrolet Cruze J300,5000.00₽,Cruze J300 2008-2014гг,"Седан, Хэтчбек, Универсал",2013,F16D3,передний,1.6,-,60 000 км,Chevrolet,Самовывоз со склада
не задан,Передняя левая дверь в сборе для Chevrolet Cruze J300,25000.00₽,Cruze J300 2008-2014гг,"Седан, Хэтчбек, Универсал",2013,F16D3,передний,1.6,-,60 000 км,Chevrolet,Самовывоз со склада
не задан,Передний правый рычаг для Chevrolet Cruze J300,3500.00₽,Cruze J300 2008-2014гг,"Седан, Хэтчбек, Универсал",2013,F16D3,передний,1.6,-,60 000 км,Chevrolet,Самовывоз со склада
не задан,Передняя правая дверь в сборе для Chevrolet Cruze J300,25000.00₽,Cruze J300 2008-2014гг,"Седан, Хэтчбек, Универсал",2013,F16D3,передний,1.6,-,60 000 км,Chevrolet,Самовывоз со склада
не задан,"Рамка радиатора, передний бампер для Chevrolet Cruze J300",2000.00₽,Cruze J300 2008-2014гг,"Седан, Хэтчбек, Универсал",2013,F16D3,передний,1.6,-,60 000 км,Chevrolet,Самовывоз со склада
не задан,Радиатор охлаждения (МКПП) для Chevrolet Cruze J300,5000.00₽,Cruze J300 2008-2014гг,"Седан, Хэтчбек, Универсал",2013,F16D3,передний,1.6,-,60 000 км,Chevrolet,Самовывоз со склада
не задан,Задний стоп сигнал правый для SsangYong Actyon,2500.00₽,Actyon 2005-2010,Кроссовер,2008,-,"полный, задний",-,-,-,SsangYong,Самовывоз со склада
не задан,Задний стоп сигнал левый для SsangYong Actyon,2500.00₽,Actyon 2005-2010,Кроссовер,2008,-,"полный, задний",-,-,-,SsangYong,Самовывоз со склада
не задан,Электропроводка для Hyundai Accent 2007г,2000.00₽,Accent LC 2000-2006,Седан,2007,G4EC,предний,-,-,-,Hyundai,Самовывоз со склада
2,Коленвал для Chevrolet Epica 2006-2012гг,2000.00₽,Epica 2006-2012гг,Седан,2007,X20D1,передний,-,под ремонт,-,Chevrolet,Самовывоз со склада
не задан,Передняя пружина для Chevrolet Cruze J300,500.00₽,Cruze J300 2008-2014гг,"Седан, Хэтчбек, Универсал",2013,F16D3,передний,1.6,-,60 000 км,Chevrolet,Самовывоз со склада
287,Глушитель основной для Chevrolet Niva I 2009-2015гг.,500.00₽,Niva I 2009-2015гг,Внедорожник,2008,-,полный,1.7,-,80000 км,Chevrolet,Самовывоз со склада
3,Блок целиндров для Chevrolet Epica 2007г,10000.00₽,Epica 2006-2012гг,Седан,2007,X20D1,-,2.0,-,95.000,Chevrolet,Самовывоз со склада
278,Гофра впускная Chevrolet Niva I 2009-2015гг.,500.00₽,Niva I 2009-2015гг,Внедорожник,2008,-,полный,-,-,80 000 км,Chevrolet,Самовывоз со склада
не задан,Задняя подушка коробки для Chevrolet Aveo T250 2010г,500.00₽,Aveo Т250 2007-2011гг,"Седан, Хэтчбек",2010,F14D4,передний,-,-,-,Chevrolet,Самовывоз со склада
270,Датчик расхода воздуха Chevrolet Niva I 2009-2015гг.,1500.00₽,Niva I 2009-2015гг,Внедорожник,-,-,полный,-,-,-,Chevrolet,Самовывоз со склада
не задан,Задний левый суппорт для SsangYong Actyon,2500.00₽,Actyon 2005-2010,Кроссовер,2008,-,"полный, задний",-,-,-,SsangYong,Самовывоз со склада
292,Раздаточная коробка Chevrolet Niva I 2009-2015гг.,6000.00₽,Niva I 2009-2015гг,Внедорожник,2008,-,полный,1.7,-,140 000 км,Chevrolet,Самовывоз со склада
269,Гофра впускная 1 Chevrolet Niva I 2009-2015гг.,300.00₽,Niva I 2009-2015гг,Внедорожник,2008,-,полный,-,-,80000 км,Chevrolet,Самовывоз со склада
не задан,Катализатор для Chevrolet Aveo T250 2010г,2000.00₽,Aveo Т250 2007-2011гг,"Седан, Хэтчбек",2010,B12S1,передний,-,-,93000,Chevrolet,Самовывоз со склада
280,Суппорт передний правый для Chevrolet Niva I 2009-2015гг.,500.00₽,Niva I 2009-2015гг,Внедорожник,2008,-,полный,-,-,80000 км,Chevrolet,Самовывоз со склада
не задан,Корпус печки для Chevrolet Aveo T250 2010г,2000.00₽,Aveo Т250 2007-2011гг,"Седан, Хэтчбек",2010,F14D4,передний,-,-,-,Chevrolet,Самовывоз со склада
не задан,Передний левый суппорт для Chevrolet Aveo T250 2010г,1000.00₽,Aveo Т250 2007-2011гг,"Седан, Хэтчбек",2010,B12S1,передний,-,-,93000,Chevrolet,Самовывоз со склада
не задан,Передний правый брызговик для Chevrolet Aveo T250 2010г,200.00₽,Aveo Т250 2007-2011гг,"Седан, Хэтчбек",2010,F14D4,передний,-,-,-,Chevrolet,Самовывоз со склада
не задан,Привод передний левый для Chevrolet Aveo T250 2010г,2500.00₽,Aveo Т250 2007-2011гг,"Седан, Хэтчбек",2010,B12S1,передний,-,-,93000,Chevrolet,Самовывоз со склада
не задан,Корзина сцепления для Chevrolet Aveo T250 2010г,1000.00₽,Aveo Т250 2007-2011гг,"Седан, Хэтчбек",2010,B12S1,передний,-,-,93000,Chevrolet,Самовывоз со склада
не задан,Главный цилиндр сцепления для Chevrolet Aveo T250 2010г,500.00₽,Aveo Т250 2007-2011гг,"Седан, Хэтчбек",2010,F14D4,передний,-,-,-,Chevrolet,Самовывоз со склада
не задан,Радиатор охлаждения для Chevrolet Aveo T250 2010г,2000.00₽,Aveo Т250 2007-2011гг,"Седан, Хэтчбек",2010,B12S1,передний,-,-,93000,Chevrolet,Самовывоз со склада
не задан,Передняя стойка для Chevrolet Aveo T250 2010г,2000.00₽,Aveo Т250 2007-2011гг,"Седан, Хэтчбек",2010,B12S1,передний,-,-,93000,Chevrolet,Самовывоз со склада
не задан,Расширительный бочок для Chevrolet Aveo T250 2010г,1000.00₽,Aveo Т250 2007-2011гг,"Седан, Хэтчбек",2010,B12S1,передний,-,-,93000,Chevrolet,Самовывоз со склада
не задан,Решетка радиатора для Chevrolet Aveo T250 2010г,500.00₽,Aveo Т250 2007-2011гг,"Седан, Хэтчбек",2010,F14D4,передний,-,-,-,Chevrolet,Самовывоз со склада
не задан,Тормозной диск для Chevrolet Aveo T250 2010г,500.00₽,Aveo Т250 2007-2011гг,"Седан, Хэтчбек",2010,B12S1,передний,-,-,93000,Chevrolet,Самовывоз со склада
не задан,Насос гидроусилитель руля для Chevrolet Aveo T250 2010г,2500.00₽,Aveo Т250 2007-2011гг,"Седан, Хэтчбек",2010,B12S1,передний,-,-,93000,Chevrolet,Самовывоз со склада
не задан,Торпедо для Chevrolet Aveo T250 2010г,10000.00₽,Aveo Т250 2007-2011гг,"Седан, Хэтчбек",2010,F14D4,передний,-,-,-,Chevrolet,Самовывоз со склада
не задан,ЭБУ-блок управление мотором для Chevrolet Aveo T250 2010г,2500.00₽,Aveo Т250 2007-2011гг,"Седан, Хэтчбек",2010,B12S1,передний,-,-,93000,Chevrolet,Самовывоз со склада
не задан,Радиатор кондиционера для Chevrolet Aveo T250 2010г,2000.00₽,Aveo Т250 2007-2011гг,"Седан, Хэтчбек",2010,B12S1,передний,-,-,93000,Chevrolet,Самовывоз со склада
не задан,Трапеция дворников для Chevrolet Aveo T250 2010г,500.00₽,Aveo Т250 2007-2011гг,"Седан, Хэтчбек",2010,F14D4,передний,-,-,-,Chevrolet,Самовывоз со склада
не задан,Стартер для Chevrolet Aveo T250 2010г,3000.00₽,Aveo Т250 2007-2011гг,"Седан, Хэтчбек",2010,B12S1,передний,-,-,93000,Chevrolet,Самовывоз со склада
346,Обшивка двери передней левой для Aveo T250 2010г,1000.00₽,Aveo Т250 2007-2011гг,"Седан, Хэтчбек",2010,-,передний,-,-,-,Chevrolet,Самовывоз со склада
390,Фонарь задний правый для Aveo T250 2008г,2000.00₽,Aveo T250 2007-2011гг,Хэтчбек,2008,-,передний,-,-,-,Chevrolet,Самовывоз со склада
281,Двигатель для Chevrolet Niva I 2009-2015гг.,15000.00₽,Niva I 2009-2015гг,Внедорожник,2008,-,полный,1.7,-,140000,Chevrolet,Самовывоз со склада
330,Обшивка двери задней правой для Aveo T250 2010г,500.00₽,Aveo Т250 2007-2011гг,"Седан, Хэтчбек",2010,-,передний,-,-,-,Chevrolet,Самовывоз со склада
115,Дверь передняя левая для Rezzo 2000-2008гг,12000.00₽,Rezzo 2000-2008гг,Минивэн,2008,-,передний,-,-,180000 км,Chevrolet,Самовывоз со склада
744,Бак топливный для Aveo Т250,2500.00₽,Aveo Т250 2007-2011гг,"Седан, Хэтчбек",2008,-,передний,-,-,-,Chevrolet,Самовывоз со склада
99,Дверь передняя правая для Rezzo 2000-2008гг,12000.00₽,Rezzo 2000-2008гг,Минивэн,2008,-,передний,-,-,180 000 км,Chevrolet,Самовывоз со склада
не задан,Главный тормозной цилиндр и вакуум для Chevrolet Aveo T250 2010г,4000.00₽,Aveo Т250 2007-2011гг,"Седан, Хэтчбек",2010,F14D4,передний,-,-,-,Chevrolet,Самовывоз со склада
741,Глушитель основной для Aveo Т250,1000.00₽,Aveo Т250 2007-2011гг,"Седан, Хэтчбек",2006,-,передний,-,-,-,Chevrolet,Самовывоз со склада
106,Зеркало правое электрическое для Rezzo 2000-2008гг,2500.00₽,Rezzo 2000-2008гг,Минивэн,2008,-,передний,-,-,180 000 км,Chevrolet,Самовывоз со склада
116,Зеркало левое электрическое для Rezzo 2000-2008гг,2500.00₽,Rezzo 2000-2008гг,Минивэн,2008,-,передний,-,180 000 км,-,Chevrolet,Самовывоз со склада
не задан,Корпус отопителя для Aveo Т250,2000.00₽,Aveo Т250 2007-2011гг,"Седан, Хэтчбек",2011,-,передний,-,-,-,Chevrolet,Самовывоз со склада
571,Амортизатор передний правый для Aveo Т250 2008г,1500.00₽,Aveo Т250 2007-2011гг,"Седан, Хэтчбек",2008,-,передний,-,-,-,Chevrolet,Самовывоз со склада
не задан,Электро педаль для Chevrolet Aveo T250 2010г,2000.00₽,Aveo Т250 2007-2011гг,"Седан, Хэтчбек",2010,F14D4,передний,-,-,-,Chevrolet,Самовывоз со склада
96,Капот для Rezzo 2000-2008гг,12000.00₽,Rezzo 2000-2008гг,Минивэн,2008,-,передний,-,-,180 000 км,Chevrolet,Самовывоз со склада
126,Накладка переднего бампера под номер для Rezzo 2000-2008гг,500.00₽,Rezzo 2000-2008гг,Минивэн,2008,-,передний,-,-,180 000 км,Chevrolet,Самовывоз со склада
120,Наполнитель переднего бампера для Rezzo 2000-2008гг,500.00₽,Rezzo 2000-2008гг,Минивэн,2008,-,передний,-,-,180 000 км,Chevrolet,Самовывоз со склада
121,Локер передний левый для Rezzo 2000-2008гг,1000.00₽,Rezzo 2000-2008гг,Минивэн,2008,-,передний,-,-,180 000 км,Chevrolet,Самовывоз со склада
не задан,Блок управление печкой для Chevrolet Cruze J300,3000.00₽,Cruze J300 2008-2014гг,"Седан, Хэтчбек, Универсал",2013,-,передний,-,-,60 000 км,Chevrolet,Самовывоз со склада
101,Крыло заднее правое для Rezzo 2000-2008гг,10000.00₽,Rezzo 2000-2008гг,Минивэн,2008,-,передний,-,-,180 000 км,Chevrolet,Самовывоз со склада
не задан,Air bag подушка безопасности в руль для Chevrolet Cruze J300,6000.00₽,Cruze J300 2008-2014гг,"Седан, Хэтчбек, Универсал",2013,-,передний,-,-,-,Chevrolet,Самовывоз со склада
111,Крыло заднее левое для Rezzo 2000-2008гг,10000.00₽,Rezzo 2000-2008гг,Минивэн,2008,-,передний,-,-,180 000 км,Chevrolet,Самовывоз со склада
не задан,Вентилятор охлаждения (диффузор) для Chevrolet Cruze J300,5000.00₽,Cruze J300 2008-2014гг,"Седан, Хэтчбек, Универсал",2013,-,передний,-,-,60 000 км,Chevrolet,Самовывоз со склада
не задан,Генератор для Chevrolet Cruze J300,5000.00₽,Cruze J300 2008-2014гг,"Седан, Хэтчбек, Универсал",2013,F16D3,передний,-,-,60 000 км,Chevrolet,Самовывоз со склада
не задан,Бензонасос для Chevrolet Cruze J300,5000.00₽,Cruze J300 2008-2014гг,"Седан, Хэтчбек, Универсал",2013,-,передний,-,-,60 000 км,Chevrolet,Самовывоз со склада
не задан,Блок ABS тормозов для Chevrolet Cruze J300,6000.00₽,Cruze J300 2008-2014гг,"Седан, Хэтчбек, Универсал",2013,-,передний,-,-,-,Chevrolet,Самовывоз со склада
не задан,Вакуумный усилитель тормозов для Chevrolet Cruze J300,3000.00₽,Cruze J300 2008-2014гг,"Седан, Хэтчбек, Универсал",2013,-,передний,-,-,60 000 км,Chevrolet,Самовывоз со склада
не задан,Головка блока цилиндров для Chevrolet Cruze J300,20000.00₽,Cruze J300 2008-2014гг,"Седан, Хэтчбек, Универсал",2013,F16D3,передний,-,-,60 000 км,Chevrolet,Самовывоз со склада
не задан,Главный тормозной цилиндр для Chevrolet Cruze J300,4000.00₽,Cruze J300 2008-2014гг,"Седан, Хэтчбек, Универсал",2013,F16D3,передний,-,-,60 000 км,Chevrolet,Самовывоз со склада
не задан,Задняя пружина для Chevrolet Cruze J300,500.00₽,Cruze J300 2008-2014гг,"Седан, Хэтчбек, Универсал",2013,F16D3,передний,1.6,-,60 000 км,Chevrolet,Самовывоз со склада
не задан,Задний бампер для Chevrolet Cruze J300,8000.00₽,Cruze J300 2008-2014гг,"Седан, Хэтчбек, Универсал",2013,F16D3,передний,-,-,60 000 км,Chevrolet,Самовывоз со склада
не задан,"Впускной коллектор, дроссель, форсунки для Chevrolet Cruze J300",5000.00₽,Cruze J300 2008-2014гг,"Седан, Хэтчбек, Универсал",2013,F16D3,передний,-,-,60 000 км,Chevrolet,Самовывоз со склада
не задан,Задняя левая дверь в сборе для Chevrolet Cruze J300,25000.00₽,Cruze J300 2008-2014гг,"Седан, Хэтчбек, Универсал",2013,F16D3,передний,1.6,-,60 000 км,Chevrolet,Самовывоз со склада
не задан,Задний правый стоп сигнал для Chevrolet Cruze J300,5000.00₽,Cruze J300 2008-2014гг,"Седан, Хэтчбек, Универсал",2013,F16D3,передний,-,-,60 000 км,Chevrolet,Самовывоз со склада
не задан,Задний правый механический стеклоподъемник для Chevrolet Cruze J300,1000.00₽,Cruze J300 2008-2014гг,"Седан, Хэтчбек, Универсал",2013,F16D3,передний,-,-,60 000 км,Chevrolet,Самовывоз со склада
не задан,Задняя правая внутреняя декаративная рамка для Chevrolet Cruze J300,500.00₽,Cruze J300 2008-2014гг,"Седан, Хэтчбек, Универсал",2013,F16D3,передний,1.6,-,60 000 км,Chevrolet,Самовывоз со склада
не задан,Задняя правая дверь в сборе для Chevrolet Cruze J300,25000.00₽,Cruze J300 2008-2014гг,"Седан, Хэтчбек, Универсал",2013,F16D3,передний,1.6,-,60 000 км,Chevrolet,Самовывоз со склада
не задан,Задняя правая форточка для Chevrolet Cruze J300,500.00₽,Cruze J300 2008-2014гг,"Седан, Хэтчбек, Универсал",2013,F16D3,передний,1.6,-,60 000 км,Chevrolet,Самовывоз со склада
не задан,Задняя левая блок-ступица и тормозной суппорт для Chevrolet Cruze J300,2000.00₽,Cruze J300 2008-2014гг,"Седан, Хэтчбек, Универсал",2013,F16D3,передний,1.6,-,60 000 км,Chevrolet,Самовывоз со склада
не задан,Защита мотора для Chevrolet Cruze J300,2000.00₽,Cruze J300 2008-2014гг,"Седан, Хэтчбек, Универсал",2013,F16D3,передний,1.6,-,60 000 км,Chevrolet,Самовывоз со склада
не задан,Задний левый стоп сигнал для Chevrolet Cruze J300,5000.00₽,Cruze J300 2008-2014гг,"Седан, Хэтчбек, Универсал",2013,F16D3,передний,-,-,60 000 км,Chevrolet,Самовывоз со склада
не задан,Заднее правое стекло для Chevrolet Cruze J300,1500.00₽,Cruze J300 2008-2014гг,"Седан, Хэтчбек, Универсал",2013,F16D3,передний,-,-,60 000 км,Chevrolet,Самовывоз со склада
не задан,Задняя правая наружняя ручка двери для Chevrolet Cruze J300,1000.00₽,Cruze J300 2008-2014гг,"Седан, Хэтчбек, Универсал",2013,F16D3,передний,1.6,-,60 000 км,Chevrolet,Самовывоз со склада
117,Панель передняя для Rezzo 2000-2008гг,10000.00₽,Rezzo 2000-2008гг,Минивэн,2008,-,передний,-,-,180000 км,Chevrolet,Самовывоз со склада
143,Решетка радиатора для Rezzo 2000-2008гг,2000.00₽,Rezzo 2000-2008гг,Минивэн,2008,-,передний,-,-,180000 км,Chevrolet,Самовывоз со склада
не задан,"Задняя балка, суппорт, тормозные диски, ступицы для Chevrolet Cruze J300",25000.00₽,Cruze J300 2008-2014гг,"Седан, Хэтчбек, Универсал",2013,F16D3,передний,1.6,-,60 000 км,Chevrolet,Самовывоз со склада
128,Поводок стеклоочистителя передний правый для Rezzo 2000-2008гг,500.00₽,Rezzo 2000-2008гг,Минивэн,2008,-,передний,-,-,180 000 км,Chevrolet,Самовывоз со склада
137,Кронштейн двигателя правый для Rezzo 2000-2008гг,500.00₽,Rezzo 2000-2008гг,Минивэн,2008,-,передний,-,-,180 000 км,Chevrolet,Самовывоз со склада
не задан,Катализатор для Chevrolet Cruze J300,2000.00₽,Cruze J300 2008-2014гг,"Седан, Хэтчбек, Универсал",2013,F16D3,передний,1.6,-,60 000 км,Chevrolet,Самовывоз со склада
124,Радиатор кондиционера (конденсер) для Rezzo 2000-2008гг,3000.00₽,Rezzo 2000-2008гг,Минивэн,2008,-,передний,-,-,180 000 км,Chevrolet,Самовывоз со склада
132,Бачок расширительный для Rezzo 2000-2008гг,500.00₽,Rezzo 2000-2008гг,Минивэн,2008,-,передний,-,-,180000 км,Chevrolet,Самовывоз со склада
590,Головка блока для Spark M250 2005-2009гг,18000.00₽,Spark M250 2005-2009гг,Хэтчбек,2008,-,передний,-,-,-,Chevrolet,Самовывоз со склада
139,Бачок гидроусилителя для Rezzo 2000-2008гг,500.00₽,Rezzo 2000-2008гг,Минивэн,2008,-,передний,-,-,180000 км,Chevrolet,Самовывоз со склада
114,Стекло двери передней левой для Rezzo 2008г.,1500.00₽,Rezzo 2008г,Минивэн,2008,-,передний,-,-,180000,Chevrolet,Самовывоз со склада
112,Стекло двери задней левой для Rezzo 2008г,1500.00₽,Rezzo 2008г,Минивэн,2008,-,передний,-,-,180000,Chevrolet,Самовывоз со склада
104,Стекло двери задней правой для Rezzo 2008г.,1500.00₽,Rezzo 2008г,Минивэн,2008,-,передний,-,-,180000,Chevrolet,Самовывоз со склада
130,Решетка стеклооч. (планка под лобовое стекло) правая для Rezzo 2008г,500.00₽,Rezzo 2008г,Минивэн,2008,-,передний,-,-,180000,Chevrolet,Самовывоз со склада
102,Стекло кузовное глухое правое для Rezzo 2008г.,800.00₽,Rezzo 2008г,Минивэн,2008,-,передний,-,-,180000,Chevrolet,Самовывоз со склада
141,Трубка кондиционера для Rezzo 2008г.,1000.00₽,Rezzo 2008г,Минивэн,2008,-,передний,-,-,180000,Chevrolet,Самовывоз со склада
144,Шланг гидроусилителя для Rezzo 2008г.,200.00₽,Rezzo 2008г,Минивэн,2008,-,передний,-,-,180000,Chevrolet,Самовывоз со склада
129,Решетка стеклооч. (планка под лобовое стекло) левая для Rezzo 2008г,500.00₽,Rezzo 2008г,Минивэн,2008,-,передний,-,-,180000,Chevrolet,Самовывоз со склада
109,Фонарь задний левый для Rezzo 2008г.,2500.00₽,Rezzo 2008г,Минивэн,2008,-,передний,-,-,180000,Chevrolet,Самовывоз со склада
не задан,Насос кондиционера для Chevrolet Niva 2008г,3000.00₽,Niva I 2002-2008гг,Кроссовер,2008,-,полный,-,-,-,Chevrolet,Самовывоз со склада
105,Стекло двери передней правой для Rezzo 2008г.,1500.00₽,Rezzo 2008г,Минивэн,2008,-,передний,-,-,180000,Chevrolet,Самовывоз со склада
110,Стекло кузовное глухое левое для Rezzo 2018г.,800.00₽,Rezzo 2008г,Минивэн,2008,-,передний,-,-,180000,Chevrolet,Самовывоз со склада
не задан,Щиток приборов для Chevrolet Niva 2008г,1000.00₽,Niva I 2002-2008гг,Кроссовер,2008,-,полный,-,-,-,Chevrolet,Самовывоз со склада
не задан,Передняя правая дверь для Chevrolet Niva 2008г,6000.00₽,Niva I 2002-2008гг,Кроссовер,2008,-,полный,-,-,-,Chevrolet,Самовывоз со склада
не задан,Правая четверть кузова для Chevrolet Niva 2008г,2000.00₽,Niva I 2002-2008гг,Кроссовер,2008,-,полный,-,-,-,Chevrolet,Самовывоз со склада
496,Форсунка инжекторная электрическая для Niva I 2002-2008гг,500.00₽,Niva I 2002-2008гг,Внедорожник,2008,-,передний,-,-,-,Chevrolet,Самовывоз со склада
не задан,ЭБУ-блок управление мотором для Chevrolet Niva 2008г,3000.00₽,Niva I 2002-2008гг,Кроссовер,2008,-,полный,-,-,-,Chevrolet,Самовывоз со склада
не задан,Моторчик печки для Chevrolet Niva 2008г,1000.00₽,Niva I 2002-2008гг,Кроссовер,2008,-,полный,-,-,-,Chevrolet,Самовывоз со склада
277,Абсорбер (фильтр угольный) для Niva I 2002-2008гг,500.00₽,Niva I 2002-2008гг,Внедорожник,2008,-,�4wd,-,-,80000 км,Chevrolet,Самовывоз со склада
268,Корпус воздушного фильтра для Niva I 2002-2008гг,1000.00₽,Niva I 2002-2008гг,Внедорожник,2008,-,�4wd,1.7,-,80000 км,Chevrolet,Самовывоз со склада
282,Насос гидроусилителя для Niva I 2002-2008гг,2000.00₽,Niva I 2002-2008гг,-,2008,-,�4wd,1.7,-,80000 км,Chevrolet,Самовывоз со склада
450,Фара противотуманная для Niva I 2002-2008гг,200.00₽,Niva I 2002-2008гг,Внедорожник,2008,-,передний,-,-,-,Chevrolet,Самовывоз со склада
284,Диск сцепления для Niva I 2002-2008гг,500.00₽,Niva I 2002-2008гг,Внедорожник,2008,-,�4wd,1.7,-,80000 км,Chevrolet,Самовывоз со склада
274,Радиатор основной для Niva I 2002-2008гг,1000.00₽,Niva I 2002-2008гг,Внедорожник,2008,-,�4wd,-,-,80000 км,Chevrolet,Самовывоз со склада
283,Корзина сцепления для Niva I 2002-2008гг,500.00₽,Niva I 2002-2008гг,Внедорожник,2008,-,�4wd,1.7,-,80000 км,Chevrolet,Самовывоз со склада
275,Генератор для Niva I 2002-2008гг,2000.00₽,Niva I 2002-2008гг,Внедорожник,2008,-,�4wd,1.7,-,80000 км,Chevrolet,Самовывоз со склада
289,Катушка зажигания для Niva I 2002-2008гг,500.00₽,Niva I 2002-2008гг,Внедорожник,2008,-,�4wd,1.7,-,80000 км,Chevrolet,Самовывоз со склада
286,Вал карданный для Niva I 2002-2008гг,1500.00₽,Niva I 2002-2008гг,-,2008,-,�4wd,1.7,-,80000 км,Chevrolet,Самовывоз со склада
276,Стартер для Niva I 2002-2008гг,1500.00₽,Niva I 2002-2008гг,Внедорожник,2008,-,полный,1.7,-,80000 км,Chevrolet,Самовывоз со склада
531,Моторчик отопителя для Chevrolet Niva I 2002-2008гг.,500.00₽,Niva I 2002-2008гг,Внедорожник,2008,-,передний,-,-,-,Chevrolet,Самовывоз со склада
468,Насос топливный электрический для Niva I 2002-2008гг,1000.00₽,Niva I 2002-2008гг,Внедорожник,2008,-,передний,-,-,-,Chevrolet,Самовывоз со склада
271,Бачок расширительный для Niva I 2002-2008гг,300.00₽,Niva I 2002-2008гг,Внедорожник,2008,-,�4wd,-,-,80000 км,Chevrolet,Самовывоз со склада
285,Вал карданный передний  для Niva I 2002-2008гг,1500.00₽,Niva I 2002-2008гг,Внедорожник,2008,-,передний,1.7,-,80000 км,Chevrolet,Самовывоз со склада
272,Накладка декоративная для Niva I 2002-2008гг,1000.00₽,Niva I 2002-2008гг,Внедорожник,2008,-,�4wd,1.7,-,80000 км,Chevrolet,Самовывоз со склада
527,Моторчик отопителя для Chevrolet Niva I 2008г.,500.00₽,Niva I 2002-2008гг.,Внедорожник,2008,-,передний,-,-,-,Chevrolet,Самовывоз со склада
273,Ступица передняя для Niva I 2002-2008гг,500.00₽,Niva I 2002-2008гг,Внедорожник,2008,-,�4wd,-,-,80000 км,Chevrolet,Самовывоз со склада
не задан,Передний правый рычаг для Chevrolet Lanos FSO 2008г,1500.00₽,Lanos FSO 2004-2008гг,"Седан, Хэтчбек",2008,A15SMS,передний,-,-,-,Chevrolet,Самовывоз со склада
не задан,Передняя правая черная дверь для Chevrolet Lanos FSO 2008г,1000.00₽,Lanos FSO 2004-2008гг,"Седан, Хэтчбек",2008,A15SMS,передний,-,-,-,Chevrolet,Самовывоз со склада
не задан,Передняя правая синяя дверь для Chevrolet Lanos FSO 2008г,3000.00₽,Lanos FSO 2004-2008гг,"Седан, Хэтчбек",2008,A15SMS,передний,-,-,-,Chevrolet,Самовывоз со склада
не задан,Передняя правая серебряная дверь для Chevrolet Lanos FSO 2008г,4000.00₽,Lanos FSO 2004-2008гг,"Седан, Хэтчбек",2008,A15SMS,передний,-,-,-,Chevrolet,Самовывоз со склада
501,Форсунки инжекторные электрические для Chevrolet Niva I 2002-2008гг.,2000.00₽,Chevrolet Niva I 2002-2008гг.,Внедорожник,2008,-,передний,-,-,-,Chevrolet,Самовывоз со склада
не задан,Передняя правая серая дверь для Chevrolet Lanos FSO 2008г,4000.00₽,Lanos FSO 2004-2008гг,"Седан, Хэтчбек",2008,A15SMS,передний,-,-,-,Chevrolet,Самовывоз со склада
310,Обшивка двери задней правой для Lanos FSO 2004-2008гг,500.00₽,Lanos FSO 2004-2008гг,"Седан, Хэтчбек",2008,-,передний,-,-,-,Chevrolet,Самовывоз со склада
не задан,Передняя правая стойка для Chevrolet Lanos FSO 2008г,2500.00₽,Lanos FSO 2004-2008гг,"Седан, Хэтчбек",2008,A15SMS,передний,-,-,82000,Chevrolet,Самовывоз со склада
307,Обшивка двери передней правой для Lanos FSO 2004-2008гг,500.00₽,Lanos FSO 2004-2008гг,"Седан, Хэтчбек",2008,-,передний,-,-,-,Chevrolet,Самовывоз со склада
305,Обшивка двери задней левой для Lanos FSO 2004-2008гг,500.00₽,Lanos FSO 2004-2008гг,"Седан, Хэтчбек",2008,-,передний,-,-,-,Chevrolet,Самовывоз со склада
715,МКПП для Lanos FSO 2004-2008гг,8000.00₽,Lanos FSO 2004-2008гг,"Седан, Хэтчбек",2008,-,передний,-,-,-,Chevrolet,Самовывоз со склада
487,Форсунка инжекторная электрическая для Lanos FSO 2004-2008гг,500.00₽,Lanos FSO 2004-2008гг,"Седан, Хэтчбек",2008,-,передний,-,-,-,Chevrolet,Самовывоз со склада
392,Фонарь задний правый для Lanos FSO 2004-2008гг,1000.00₽,Lanos FSO 2004-2008гг,"Седан, Хэтчбек",2008,-,передний,-,-,-,Chevrolet,Самовывоз со склада
524,Моторчик отопителя для Chevrolet Lanos FSO 2004-2008гг.,1500.00₽,Chevrolet Lanos FSO 2004-2008гг.,"Седан, Хэтчбек",2008,-,передний,-,-,-,Chevrolet,Самовывоз со склада
434,Фара противотуманная правая для Lanos FSO 2004-2008гг,200.00₽,Lanos FSO 2004-2008гг,"Седан, Хэтчбек",2008,-,передний,-,-,-,Chevrolet,Самовывоз со склада
525,Моторчик отопителя для Chevrolet Lanos FSO 2008г.,1500.00₽,Chevrolet Lanos FSO 2004-2008гг.,"Седан, Хэтчбек",2008,-,передний,-,-,-,Chevrolet,Самовывоз со склада
306,Обшивка двери передней левой для Lanos FSO 2004-2008гг,500.00₽,Lanos FSO 2004-2008гг,"Седан, Хэтчбек",2008,-,передний,-,-,-,Chevrolet,Самовывоз со склада
521,Моторчик отопителя для Chevrolet FSO Lanos 2008г.,1600.00₽,Chevrolet Lanos FSO 2004-2008гг.,"Седан, Хэтчбек",2008,-,передний,-,-,-,Chevrolet,Самовывоз со склада
457,Насос топливный электрический для Chevrolet Lanos FSO 2004-2008гг.,1500.00₽,Chevrolet Lanos FSO 2004-2008гг.,"Седан, Хэтчбек",2008,-,передний,-,-,-,Chevrolet,Самовывоз со склада
460,Насос топливный электрический для Lanos FSO 2004-2008гг,1500.00₽,Lanos FSO 2004-2008гг,"Седан, Хэтчбек",2008,-,передний,-,-,-,Chevrolet,Самовывоз со склада
522,Моторчик отопителя для Lanos FSO 2004-2008гг.,2000.00₽,Chevrolet Lanos FSO 2004-2008гг.,"Седан, Хэтчбек",2008,-,передний,-,-,-,Chevrolet,Самовывоз со склада
466,Насос топливный электрический для Lanos FSO 2008г.,1500.00₽,Chevrolet Lanos FSO 2004-2008гг.,"Седан, Хэтчбек",2008,-,передний,-,-,-,Chevrolet,Самовывоз со склада
516,Моторчик отопителя для Chevrolet FSO Lanos 2004-2008гг.,2000.00₽,Chevrolet Lanos FSO 2004-2008гг.,"Седан, Хэтчбек",2008,-,передний,-,-,-,Chevrolet,Самовывоз со склада
125,Резонатор воздушного фильтра для Rezzo 2000-2008гг,1000.00₽,Rezzo 2000-2008гг,Минивэн,2008,-,передний,-,-,180 000 км,Chevrolet,Самовывоз со склада
142,Воздуховод для Rezzo 2000-2008гг,800.00₽,Rezzo 2000-2008гг,Минивэн,2008,-,передний,-,-,180000 км,Chevrolet,Самовывоз со склада
140,Брызговик передний правый для Rezzo 2000-2008гг,200.00₽,Rezzo 2000-2008гг,Минивэн,2008,-,передний,-,-,180000 км,Chevrolet,Самовывоз со склада
108,Дверь багажника со стеклом для Rezzo 2000-2008гг,10000.00₽,Rezzo 2000-2008гг,Минивэн,2008,-,передний,-,-,180000 км,Chevrolet,Самовывоз со склада
107,Бампер задний для Rezzo 2000-2008гг,6000.00₽,Rezzo 2000-2008гг,Минивэн,2008,-,передний,-,-,160000 км,Chevrolet,Самовывоз со склада
138,Брызговик передний левый для Rezzo 2000-2008гг,500.00₽,Rezzo 2000-2008гг,Минивэн,2008,-,передний,-,-,180000 км,Chevrolet,Самовывоз со склада
119,Бампер передний для Rezzo 2000-2008гг,5000.00₽,Rezzo 2000-2008гг,Минивэн,2008,-,передний,-,-,180000 км,Chevrolet,Самовывоз со склада
127,Бачок омывателя лобового стекла для Rezzo 2000-2008гг,1000.00₽,Rezzo 2000-2008гг,Минивэн,2008,-,передний,-,-,180000 км,Chevrolet,Самовывоз со склада
не задан,Правое электро зеркало для Chevrolet Aveo T250,2500.00₽,Aveo Т250 2007-2011гг,"Седан, Хэтчбек",2007,-,передний,-,-,-,Chevrolet,Самовывоз со склада
135,Патрубок воздушного фильтра для Rezzo 2000-2008гг,500.00₽,Rezzo 2000-2008гг,Минивэн,2008,-,передний,-,-,180 000 км,Chevrolet,Самовывоз со склада
не задан,Передняя правая дверь для Chevrolet Aveo T250,10000.00₽,Aveo Т250 2007-2011гг,"Седан, Хэтчбек",2007,-,передний,-,-,-,Chevrolet,Самовывоз со склада
не задан,Верхний кислородный датчик для Chevrolet Aveo T250,1000.00₽,Aveo Т250 2007-2011гг,"Седан, Хэтчбек",2007,-,передний,-,-,-,Chevrolet,Самовывоз со склада
113,Дверь задняя левая для Rezzo 2000-2008гг,8000.00₽,Rezzo 2000-2008гг,Минивэн,2008,-,перевод,-,-,180000 км,Chevrolet,Самовывоз со склада
не задан,Блок управление печкой для Chevrolet Aveo T250,1500.00₽,Aveo Т250 2007-2011гг,"Седан, Хэтчбек",2007,-,передний,-,-,-,Chevrolet,Самовывоз со склада
не задан,Датчик коленвала для Chevrolet Aveo T250,1000.00₽,Aveo Т250 2007-2011гг,"Седан, Хэтчбек",2007,F14D3,передний,-,-,-,Chevrolet,Самовывоз со склада
не задан,Задний тормозной диск для Chevrolet Aveo T250,500.00₽,Aveo Т250 2007-2011гг,"Седан, Хэтчбек",2010,F14D3,передний,-,-,-,Chevrolet,Самовывоз со склада
не задан,Переднее правое стекло для Chevrolet Aveo T250,1500.00₽,Aveo Т250 2007-2011гг,"Седан, Хэтчбек",2007,-,передний,-,-,-,Chevrolet,Самовывоз со склада
не задан,Заднее правое крыло для Chevrolet Aveo T250,5000.00₽,Aveo Т250 2007-2011гг,"Седан, Хэтчбек",2007,F14D3,передний,-,-,-,Chevrolet,Самовывоз со склада
не задан,Катализатор для Chevrolet Aveo T250,2000.00₽,Aveo Т250 2007-2011гг,"Седан, Хэтчбек",2007,F14D3,передний,-,-,-,Chevrolet,Самовывоз со склада
не задан,"Впускной коллектор, топлевные форсунки для Chevrolet Aveo T250",5000.00₽,Aveo Т250 2007-2011гг,"Седан, Хэтчбек",2007,F14D3,передний,-,-,-,Chevrolet,Самовывоз со склада
131,Корпус воздушного фильтра для Rezzo 2000-2008гг,1000.00₽,Rezzo 2000-2008гг,Минивэн,2008,-,передний,-,-,180 000 км,Chevrolet,Самовывоз со склада
не задан,Крепление гидро-уселитель руля для Chevrolet Aveo T250,1000.00₽,Aveo Т250 2007-2011гг,"Седан, Хэтчбек",2007,F16D3,передний,-,-,-,Chevrolet,Самовывоз со склада
не задан,Задняя левая дверь в сборе для Chevrolet Aveo T250,15000.00₽,Aveo Т250 2007-2011гг,"Седан, Хэтчбек",2010,F14D3,передний,-,-,-,Chevrolet,Самовывоз со склада
не задан,Переднее правое крыло для Chevrolet Aveo T250,2500.00₽,Aveo Т250 2007-2011гг,"Седан, Хэтчбек",2007,F16D3,передний,-,-,-,Chevrolet,Самовывоз со склада
не задан,Лобовик для Chevrolet Aveo T250,2000.00₽,Aveo Т250 2007-2011гг,"Седан, Хэтчбек",2007,F16D3,передний,-,-,-,Chevrolet,Самовывоз со склада
не задан,"Передний бампер, решетка радиатора для Chevrolet Aveo T250",8000.00₽,Aveo Т250 2007-2011гг,"Седан, Хэтчбек",2010,F16D3,передний,-,-,-,Chevrolet,Самовывоз со склада
не задан,Бензонасос для Chevrolet Niva,1000.00₽,Niva I 2002-2008гг,Кроссовер,2006,-,полный,-,-,90000 км,Chevrolet,Самовывоз со склада
не задан,Бензонасос высокого давления для Chevrolet Niva,1000.00₽,Niva I 2002-2008гг,Кроссовер,2010,A15SMS,полный,1.6,-,70 000 км,Chevrolet,Самовывоз со склада
не задан,Главный тормозной цилиндр для Chevrolet Niva,1500.00₽,Niva I 2002-2008гг,Кроссовер,2010,A15SMS,полный,1.6,-,70 000 км,Chevrolet,Самовывоз со склада
не задан,Передний левый суппорт для Chevrolet Aveo T250,1000.00₽,Aveo Т250 2007-2011гг,"Седан, Хэтчбек",2007,F16D3,передний,-,-,-,Chevrolet,Самовывоз со склада
не задан,"Тормозной вакуум, главный тормозной цилиндр для Chevrolet Niva",2000.00₽,Niva I 2002-2008гг,Кроссовер,2008,A15SMS,полный,1.6,-,60 000 км,Chevrolet,Самовывоз со склада
не задан,Дроссель для Chevrolet Niva,1000.00₽,Niva I 2002-2008гг,Кроссовер,2010,A15SMS,полный,1.6,-,70 000 км,Chevrolet,Самовывоз со склада
не задан,Кардан для Chevrolet Niva,1000.00₽,Niva I 2002-2008гг,Кроссовер,2008,A15SMS,полный,1.6,-,70 000 км,Chevrolet,Самовывоз со склада
не задан,Передний подрамник (балка) для Chevrolet Aveo T250,5000.00₽,Aveo Т250 2007-2011гг,"Седан, Хэтчбек",2010,F16D3,передний,-,-,-,Chevrolet,Самовывоз со склада
не задан,Передний тормозной диск для Chevrolet Aveo T250,500.00₽,Aveo Т250 2007-2011гг,"Седан, Хэтчбек",2010,F16D3,передний,-,-,-,Chevrolet,Самовывоз со склада
не задан,Передний правый суппорт для Chevrolet Aveo T250,1000.00₽,Aveo Т250 2007-2011гг,"Седан, Хэтчбек",2010,F16D3,передний,-,-,-,Chevrolet,Самовывоз со склада
не задан,Топливные форсунки и рампы для Chevrolet Niva,2000.00₽,Niva I 2002-2008гг,Кроссовер,2008,A15SMS,полный,1.6,-,60 000 км,Chevrolet,Самовывоз со склада
не задан,Зеркало правое боковое заднего вида для Chevrolet Niva,1500.00₽,Niva I 2002-2008гг,Кроссовер,2010,A15SMS,полный,1.6,-,70 000 км,Chevrolet,Самовывоз со склада
не задан,Топливные форсунки и рампа для Chevrolet Aveo T250,2500.00₽,Aveo Т250 2007-2011гг,"Седан, Хэтчбек",2007,F16D4,передний,-,-,65 000 км,Chevrolet,Самовывоз со склада
не задан,Фара левая для Chevrolet Aveo T250,2500.00₽,Aveo Т250 2007-2011гг,"Седан, Хэтчбек",2007,F16D4,передний,-,-,65 000 км,Chevrolet,Самовывоз со склада
не задан,Передняя пружина для Chevrolet Aveo T250,500.00₽,Aveo Т250 2007-2011гг,"Седан, Хэтчбек",2007,F16D3,передний,-,-,-,Chevrolet,Самовывоз со склада
не задан,Стоп сигнал для Chevrolet Aveo T250,2500.00₽,Aveo Т250 2007-2011гг,"Седан, Хэтчбек",2007,F16D3,передний,-,-,-,Chevrolet,Самовывоз со склада
не задан,Тормозной диск для Chevrolet Aveo T250,500.00₽,Aveo Т250 2007-2011гг,"Седан, Хэтчбек",2007,F16D4,передний,-,-,65 000 км,Chevrolet,Самовывоз со склада
не задан,Передний правый стеклоподъемник для Chevrolet Aveo T250,1500.00₽,Aveo Т250 2007-2011гг,"Седан, Хэтчбек",2007,F16D3,передний,-,-,-,Chevrolet,Самовывоз со склада
не задан,Передний левый амортизатор для Chevrolet Aveo T250,1500.00₽,Aveo Т250 2007-2011гг,"Седан, Хэтчбек",2010,F16D3,передний,-,-,-,Chevrolet,Самовывоз со склада
не задан,Фара правая для Chevrolet Aveo T250,2500.00₽,Aveo Т250 2007-2011гг,"Седан, Хэтчбек",2007,F16D4,передний,-,-,65 000 км,Chevrolet,Самовывоз со склада
не задан,Панель приборов для Chevrolet Aveo T250,3000.00₽,Aveo Т250 2007-2011гг,"Седан, Хэтчбек",2007,F16D4,передний,-,-,65 000 км,Chevrolet,Самовывоз со склада
308,Обшивка двери задней правой для Chevrolet Lanos FSO 2004-2008гг.,500.00₽,Lanos FSO 2004-2008гг.,"Седан, Хэтчбек",2008,-,передний,-,-,-,Chevrolet,Самовывоз со склада
312,Обшивка двери передней правой для Lanos FSO 2008г.,500.00₽,Lanos FSO 2008г.,"Седан, Хэтчбек",2008,-,передний,-,-,-,Chevrolet,Самовывоз со склада
309,Обшивка двери передней левой для Lanos FSO 2008г.,500.00₽,Lanos FSO 2008г.,"Седан, Хэтчбек",2008,-,передний,-,-,-,Chevrolet,Самовывоз со склада
505,Форсунки инжекторные электрические для Lanos FSO 2004-2008гг.,2000.00₽,Lanos FSO 2004-2008гг.,"Седан, Хэтчбек",2008,-,передний,-,-,-,Chevrolet,Самовывоз со склада
311,Обшивка двери задней правой для Lanos FSO 2008г.,500.00₽,Lanos FSO 2008г.,"Седан, Хэтчбек",2008,-,передний,-,-,-,Chevrolet,Самовывоз со склада
502,Форсунки инжекторные электрические для Lanos FSO 2008г.,2000.00₽,Lanos FSO 2004-2008гг.,"Седан, Хэтчбек",2008,-,передний,-,-,-,Chevrolet,Самовывоз со склада
503,Форсунка инжекторная электрическая для Lanos FSO 2008г.,500.00₽,Lanos FSO 2004-2008гг.,-,2008,-,передний,-,-,-,Chevrolet,Самовывоз со склада
239,Корзина сцепления для Lacetti J200 2002-2014гг,1000.00₽,Lacetti J200 2002-2014гг,Седан,2008,F16D3,�,1.6,-,60 000 км,Chevrolet,Самовывоз со склада
601,Диск тормозной передний вентилируемый для Lacetti J200 2002-2014гг,500.00₽,Lacetti J200 2002-2014гг,Седан,2008,-,передний,-,-,-,Chevrolet,Самовывоз со склада
602,Суппорт передний левый для Lacetti J200 2002-2014гг,1000.00₽,Lacetti J200 2002-2014гг,Седан,2008,-,передний,-,-,-,Chevrolet,Самовывоз со склада
449,Фара противотуманная правая для Lanos FSO 2008г.,200.00₽,Lanos FSO 2004-2008гг.,"Седан, Хэтчбек",2008,-,передний,-,-,-,Chevrolet,Самовывоз со склада
260,Вентилятор радиатора для Lacetti J200 2002-2014гг,2000.00₽,Lacetti J200 2002-2014гг,Седан,2008,F16D3,�,1.6,-,115 000 км,Chevrolet,Самовывоз со склада
не задан,МКПП для Lacetti J200 2002-2014гг,22000.00₽,Lacetti J200 2002-2014гг,"Седан, Хэтчбек, Универсал",2008,F16D3,передний,1.6,-,180000 км,Chevrolet,Самовывоз со склада
604,Датчик ABS передний левый для Lacetti J200 2002-2014гг,500.00₽,Lacetti J200 2002-2014гг,Седан,2008,-,передний,-,-,-,Chevrolet,Самовывоз со склада
220,Блок предохранителей для Lacetti J200 2002-2014гг,2000.00₽,Lacetti J200 2002-2014гг,Седан,2008,F16D3,передний,1.6,-,180000,Chevrolet,Самовывоз со склада
219,Блок управления двигателем для Lacetti J200 2002-2014гг,5000.00₽,Lacetti J200 2002-2014гг,Седан,2008,F16D3,�,1.6,-,115 000 км,Chevrolet,Самовывоз со склада
250,Переключатель поворотов подрулевой для Lacetti J200 2002-2014гг,1000.00₽,Lacetti J200 2002-2014гг,Седан,2008,F16D3,�,1.6,-,80000 км,Chevrolet,Самовывоз со склада
217,Пыльник двигателя боковой левый Lacetti J200 2002-2014гг,500.00₽,Lacetti J200 2002-2014гг,Седан,2008,F16D3,передний,1.6,-,180000,Chevrolet,Самовывоз со склада
234,Стартер для Lacetti J200 2002-2014гг,3500.00₽,Lacetti J200 2002-2014гг,Седан,2008,F16D3,передний,1.6,-,115 000 км,Chevrolet,Самовывоз со склада
236,Насос топливный электрический для Lacetti J200 2002-2014гг,2500.00₽,Lacetti J200 2002-2014гг,Седан,2008,F16D3,�,1.6,-,115 000 км,Chevrolet,Самовывоз со склада
237,Подшипник выжимной совмещ. с цилиндром сцепл Lacetti J200 2002-2014гг.,2000.00₽,Lacetti J200 2002-2014гг,Седан,2008,F16D3,передний,1.6,-,60 000 км,Chevrolet,Самовывоз со склада
218,Пыльник двигателя боковой правый  Lacetti J200 2002-2014гг,500.00₽,Lacetti J200 2002-2014гг,Седан,2008,F16D3,передний,1.6,-,180000,Chevrolet,Самовывоз со склада
253,Панель передняя верхняя для Lacetti J200 2002-2014гг,500.00₽,Lacetti J200 2002-2014гг,Седан,2008,F16D3,передний,1.6,-,115 000 км,Chevrolet,Самовывоз со склада
223,Проводка (коса) для Lacetti J200 2002-2014гг,3000.00₽,Lacetti J200 2002-2014гг,Седан,2008,F16D3,передний,1.6,мкпп,80000 км,Chevrolet,Самовывоз со склада
238,Диск сцепления для Lacetti J200 2002-2014гг,1000.00₽,Lacetti J200 2002-2014гг,Седан,2008,F16D3,�,1.6,-,60 000 км,Chevrolet,Самовывоз со склада
254,Накладка декоративная салона средняя для Lacetti J200 2002-2014гг,500.00₽,Lacetti J200 2002-2014гг,-,2008,F16D3,передний,1.6,-,80000 км,Chevrolet,Самовывоз со склада
293,Защита картера для Lacetti J200 2002-2014гг,1500.00₽,Lacetti J200 2002-2014гг,Седан,2008,F16D3,передний,1.6,-,180000,Chevrolet,Самовывоз со склада
667,Кулак поворотный задний правый для Lacetti J200 2002-2016гг.,1500.00₽,Lacetti J200 2002-2016гг.,Седан,2008,-,передний,-,-,-,Chevrolet,Самовывоз со склада
705,Амортизатор задний левый для Lacetti J200 2002-2016гг,1000.00₽,Lacetti J200 2002-2016гг.,Седан,2007,-,передний,-,-,-,Chevrolet,Самовывоз со склада
598,Моторчик отопителя для Lacetti J200 2002-2016гг.,3000.00₽,Lacetti J200 2002-2016гг.,Седан,2008,-,передний,-,-,-,Chevrolet,Самовывоз со склада
641,Кулак поворотный задний левый в сборе для Lacetti J200 2002-2016гг.,1500.00₽,Lacetti J200 2002-2016гг.,Седан,2008,-,передний,-,-,-,Chevrolet,Самовывоз со склада
710,Амортизатор передний правый для Lacetti J200 2008г.,2000.00₽,Lacetti J200 2002-2016гг.,Седан,2008,-,передний,-,-,-,Chevrolet,Самовывоз со склада
410,Фонарь задний правый универсал для Lacetti J200 2002-2016гг.,1000.00₽,Lacetti J200 2002-2016гг.,Универсал,2008,-,передний,-,-,-,Chevrolet,Самовывоз со склада
325,Обшивка двери задней левой для Lacetti J200 2008г.,500.00₽,Lacetti J200 2002-2016гг.,Седан,2008,-,передний,-,-,-,Chevrolet,Самовывоз со склада
не задан,Передняя правая стойка для Daewoo Matiz 2008г,1000.00₽,Matiz M200 2005-2010гг,Хэтчбек,2008,B10S1,передний,-,-,-,Daewoo,Самовывоз со склада
640,Суппорт передний левый для Lacetti J200 2007г,1000.00₽,Lacetti J200 2002-2016гг.,Седан,2007,-,передний,-,-,-,Chevrolet,Самовывоз со склада
не задан,Стартер для Daewoo Matiz 2008г,3000.00₽,Matiz M200 2005-2010гг,Хэтчбек,2008,B10S1,передний,-,-,-,Daewoo,Самовывоз со склада
711,Амортизатор задний правый для Lacetti J200 2002-2016гг.,1000.00₽,Lacetti J200 2002-2016гг.,Седан,2008,-,передний,-,-,-,Chevrolet,Самовывоз со склада
не задан,Рулевая рейка гидравлическая для Daewoo Matiz 2008г,3000.00₽,Matiz M200 2005-2010гг,Хэтчбек,2008,B10S1,передний,-,-,-,Daewoo,Самовывоз со склада
не задан,Тормозной вакуум для Daewoo Matiz 2008г,1000.00₽,Matiz M200 2005-2010гг,Хэтчбек,2008,B10S1,передний,-,-,-,Daewoo,Самовывоз со склада
402,Фонарь задний левый седан для Lacetti J200 2002-2016гг.,1000.00₽,Lacetti J200 2002-2016гг.,Седан,2008,-,передний,-,-,-,Chevrolet,Самовывоз со склада
не задан,Шланг гура для Daewoo Matiz 2008г,500.00₽,Matiz M200 2005-2010гг,Хэтчбек,2008,B10S1,передний,-,-,-,Daewoo,Самовывоз со склада
не задан,Передняя правая цапфа (кулак) для Daewoo Matiz 2008г,1000.00₽,Matiz M200 2005-2010гг,Хэтчбек,2008,B10S1,передний,-,-,-,Daewoo,Самовывоз со склада
не задан,Блок целиндров для Daewoo Matiz M200 2008г,5000.00₽,Matiz M200 2005-2010гг,Хэтчбек,2008,B10S1,передний,-,-,43000,Daewoo,Самовывоз со склада
не задан,Задняя левая накладка двери для Daewoo Matiz M200 2008г,500.00₽,Matiz M200 2005-2010гг,Хэтчбек,2008,B10S1,передний,-,-,-,Daewoo,Самовывоз со склада
не задан,Задняя правая накладка двери для Daewoo Matiz M200 2008г,500.00₽,Matiz M200 2005-2010гг,Хэтчбек,2008,B10S1,передний,-,-,-,Daewoo,Самовывоз со склада
600,Кулак поворотный передний левый для Lacetti J200 2008г.,2500.00₽,Lacetti J200 2002-2016гг.,Седан,2008,-,передний,-,-,-,Chevrolet,Самовывоз со склада
не задан,Задний правый фонарь для Daewoo Matiz M200 2008г,500.00₽,Matiz M200 2005-2010гг,Хэтчбек,2008,B10S1,передний,-,-,-,Daewoo,Самовывоз со склада
не задан,Задняя левая накладка крыла для Daewoo Matiz M200 2008г,200.00₽,Matiz M200 2005-2010гг,Хэтчбек,2008,B10S1,передний,-,-,-,Daewoo,Самовывоз со склада
не задан,Задняя правая белая дверь для Daewoo Matiz M200 2008г,2000.00₽,Matiz M200 2005-2010гг,Хэтчбек,2008,B10S1,передний,-,-,-,Daewoo,Самовывоз со склада
не задан,Наружная граната для Daewoo Matiz M200 2008г,1000.00₽,Matiz M200 2005-2010гг,Хэтчбек,2008,B10S1,передний,-,-,31000,Daewoo,Самовывоз со склада
не задан,Задняя правая накладка крыла для Daewoo Matiz M200 2008г,200.00₽,Matiz M200 2005-2010гг,Хэтчбек,2008,B10S1,передний,-,-,-,Daewoo,Самовывоз со склада
не задан,ЭБУ блок управление мотором для Daewoo Matiz 2008г,1000.00₽,Matiz M200 2005-2010гг,Хэтчбек,2008,B10S1,передний,-,-,-,Daewoo,Самовывоз со склада
не задан,Топливные форсунки и рейка для Chevrolet Lanos FSO,2000.00₽,Lanos FSO 2004-2008гг,"Седан, Хэтчбек",2010,A15SMS,передний,1.6,-,40 000 км,Chevrolet,Самовывоз со склада
не задан,Задняя правая синяя дверь для Daewoo Matiz M200 2008г,5000.00₽,Matiz M200 2005-2010гг,Хэтчбек,2008,B10S1,передний,-,-,-,Daewoo,Самовывоз со склада
не задан,Зеркало заднего вида правое для Chevrolet Lanos FSO,1000.00₽,Lanos FSO 2004-2008гг,"Седан, Хэтчбек",2010,F16D3,передний,1.6,-,85 000 км,Chevrolet,Самовывоз со склада
не задан,Задняя правая четверть кузова для Daewoo Matiz M200 2008г,5000.00₽,Matiz M200 2005-2010гг,Хэтчбек,2008,B10S1,передний,-,-,-,Daewoo,Самовывоз со склада
не задан,Трубка подачи топлива для Chevrolet Lanos FSO,500.00₽,Lanos FSO 2004-2008гг,"Седан, Хэтчбек",2010,A15SMS,передний,1.6,-,40 000 км,Chevrolet,Самовывоз со склада
не задан,Вентилятор печки для Chevrolet Lanos FSO,1500.00₽,Lanos FSO 2004-2008гг,"Седан, Хэтчбек",2007,-,передний,-,-,-,Chevrolet,Самовывоз со склада
не задан,"Тормозной вакуум, главный тормозной цилиндр для Chevrolet Lanos FSO",2500.00₽,Lanos FSO 2004-2008гг,"Седан, Хэтчбек",2010,A15SMS,передний,1.6,-,40 000 км,Chevrolet,Самовывоз со склада
не задан,Левая накладка порога для Daewoo Matiz M200 2008г,500.00₽,Matiz M200 2005-2010гг,Хэтчбек,2008,B10S1,передний,-,-,-,Daewoo,Самовывоз со склада
не задан,Заднее левое стекло для Chevrolet Lanos FSO 2008г,500.00₽,Lanos FSO 2004-2008гг,"Седан, Хэтчбек",2008,A15SMS,передний,-,-,-,Chevrolet,Самовывоз со склада
не задан,Задняя правая дверь для Chevrolet Lanos FSO 2008г,4000.00₽,Lanos FSO 2004-2008гг,"Седан, Хэтчбек",2008,A15SMS,передний,-,-,-,Chevrolet,Самовывоз со склада
не задан,Тормозной вакуум для Chevrolet Lanos FSO,1000.00₽,Lanos FSO 2004-2008гг,"Седан, Хэтчбек",2010,A15SMS,передний,1.6,-,40 000 км,Chevrolet,Самовывоз со склада
не задан,Задняя левая дверь для Chevrolet Lanos FSO 2008г,4000.00₽,Lanos FSO 2004-2008гг,"Седан, Хэтчбек",2008,A15SMS,передний,-,-,-,Chevrolet,Самовывоз со склада
не задан,Радиатор печки для Chevrolet Lanos FSO,1000.00₽,Lanos FSO 2004-2008гг,"Седан, Хэтчбек",2007,-,передний,-,-,-,Chevrolet,Самовывоз со склада
не задан,Передний правый механический стеклоподъемник для Chevrolet Lanos FSO 2008г,500.00₽,Lanos FSO 2004-2008гг,"Седан, Хэтчбек",2008,A15SMS,передний,-,-,-,Chevrolet,Самовывоз со склада
не задан,Бензонасос для Chevrolet Lanos FSO 2008г,2000.00₽,Lanos FSO 2004-2008гг,"Седан, Хэтчбек",2008,A15SMS,передний,-,-,82000,Chevrolet,Самовывоз со склада
не задан,Задний правый стоп сигнал для Chevrolet Lanos FSO,1000.00₽,Lanos FSO 2004-2008гг,"Седан, Хэтчбек",2006,-,передний,-,-,-,Chevrolet,Самовывоз со склада
не задан,Передний левый рычаг для Chevrolet Lanos FSO 2008г,1500.00₽,Lanos FSO 2004-2008гг,"Седан, Хэтчбек",2008,A15SMS,передний,-,-,-,Chevrolet,Самовывоз со склада
не задан,Передний правый суппорт для Daewoo Matiz M200 2008г,500.00₽,Matiz M200 2005-2010гг,Хэтчбек,2008,B10S1,передний,-,-,69000,Daewoo,Самовывоз со склада
не задан,Передняя левая накладка крыла для Daewoo Matiz M200 2008г,200.00₽,Matiz M200 2005-2010гг,Хэтчбек,2008,B10S1,передний,-,-,-,Daewoo,Самовывоз со склада
не задан,Передняя левая накладка двери для Daewoo Matiz M200 2008г,500.00₽,Matiz M200 2005-2010гг,Хэтчбек,2008,B10S1,передний,-,-,-,Daewoo,Самовывоз со склада
не задан,Передняя левая форточка для Daewoo Matiz M200 2008г,300.00₽,Matiz M200 2005-2010гг,Хэтчбек,2008,B10S1,передний,-,-,-,Daewoo,Самовывоз со склада
не задан,Передняя правая накладка крыла для Daewoo Matiz M200 2008г,200.00₽,Matiz M200 2005-2010гг,Хэтчбек,2008,B10S1,передний,-,-,-,Daewoo,Самовывоз со склада
не задан,Правый порог для Daewoo Matiz M200 2008г,3000.00₽,Matiz M200 2005-2010гг,Хэтчбек,2008,B10S1,передний,-,-,-,Daewoo,Самовывоз со склада
не задан,Передняя правая накладка двери для Daewoo Matiz M200 2008г,500.00₽,Matiz M200 2005-2010гг,Хэтчбек,2008,B10S1,передний,-,-,-,Daewoo,Самовывоз со склада
не задан,Правая накладка порога для Daewoo Matiz M200 2008г,500.00₽,Matiz M200 2005-2010гг,Хэтчбек,2008,B10S1,передний,-,-,-,Daewoo,Самовывоз со склада
не задан,Расширительный бочок для Daewoo Matiz M200 2008г,500.00₽,Matiz M200 2005-2010гг,Хэтчбек,2008,B10S1,передний,-,-,-,Daewoo,Самовывоз со склада
не задан,Передний правый датчик ABS для Daewoo Matiz M200 2008г,500.00₽,Matiz M200 2005-2010гг,Хэтчбек,2008,B10S1,передний,-,-,69000,Daewoo,Самовывоз со склада
228,Двигатель для Lacetti J200 2002-2014гг,38000.00₽,Lacetti J200 2002-2014гг,Седан,2008,F16D3,�,1.6,Nexia II 2009-2016гг,130000,Chevrolet,Самовывоз со склада
не задан,Заднее правое стекло для Chevrolet Spark M250 2007г,1000.00₽,Spark M300 2009-2015гг,Хэтчбек,2007,-,передний,-,-,-,Chevrolet,Самовывоз со склада
252,Корпус воздушного фильтра для Lacetti J200 2002-2014гг,1000.00₽,Lacetti J200 2002-2014гг,Седан,2008,F16D3,�,1.6,-,80000 км,Chevrolet,Самовывоз со склада
353,Обшивка двери задней левой для Lacetti J200 2006г.,500.00₽,Lacetti J200 2002-2014гг,Седан,2006,-,передний,-,-,-,Chevrolet,Самовывоз со склада
301,Замок двери передней левой для Lacetti J200 2002-2014гг,1000.00₽,Lacetti J200 2002-2014гг,Седан,2008,F16D3,�,1.6,-,115 000 км,Chevrolet,Самовывоз со склада
233,Бачок омывателя лобового стекла для Lacetti J200 2002-2014гг,1000.00₽,Lacetti J200 2002-2014гг,Седан,2008,F16D3,�,1.6,-,80000 км,Chevrolet,Самовывоз со склада
не задан,Передняя правая фара для Daewoo Matiz M200 2008г,1000.00₽,Matiz M200 2005-2010гг,Хэтчбек,2008,B10S1,передний,-,-,-,Daewoo,Самовывоз со склада
336,Обшивка двери задней правой для Lacetti J200 2002-2014гг,500.00₽,Lacetti J200 2002-2014гг,Седан,2008,-,передний,-,-,-,Chevrolet,Самовывоз со склада
597,Радиатор отопителя для Lacetti J200 2002-2014гг,1500.00₽,Lacetti J200 2002-2014гг,Седан,2008,-,передний,-,-,-,Chevrolet,Самовывоз со склада
603,Трапеция стеклоочистителей для Lacetti J200 2002-2014гг,2000.00₽,Lacetti J200 2002-2014гг,Седан,2008,-,передний,-,-,-,Chevrolet,Самовывоз со склада
214,Бампер передний для Lacetti J200 2002-2014гг,2000.00₽,Lacetti J200 2002-2014гг,Седан,2008,F16D3,передний,1.6,-,180000,Chevrolet,Самовывоз со склада
216,Локер передний левый для Lacetti J200 2002-2014гг,1000.00₽,Lacetti J200 2002-2014гг,Седан,2008,F16D3,передний,1.6,-,180000,Chevrolet,Самовывоз со склада
212,Крыло переднее правое седан для Lacetti J200 2002-2014гг,500.00₽,Lacetti J200 2002-2014гг,Седан,2008,F16D3,передний,1.6,-,180000,Chevrolet,Самовывоз со склада
445,Фара противотуманная правая для Lacetti J200 2002-2014гг,500.00₽,Lacetti J200 2002-2014гг,Седан,2008,-,передний,-,-,-,Chevrolet,Самовывоз со склада
не задан,Главный тормозной цилиндр для Chevrolet Spark M250,1500.00₽,Spark M300 2009-2015гг,Хэтчбек,2007,A15SMS,передний,1.6,-,60 000 км,Chevrolet,Самовывоз со склада
224,Решетка радиатора для Lacetti J200 2002-2014гг,1500.00₽,Lacetti J200 2002-2014гг,"Седан, Универсал",2008,F16D3,передний,1.6,-,80000 км,Chevrolet,Самовывоз со склада
211,Фара правая для Lacetti J200 2002-2014гг,2000.00₽,Lacetti J200 2002-2014гг,"Седан, Универсал",2008,F16D3,передний,1.6,-,180000,Chevrolet,Самовывоз со склада
210,Фара левая для Lacetti J200 2002-2014гг,1000.00₽,Lacetti J200 2002-2014гг,"Седан, Универсал",2008,F16D3,передний,1.6,-,180000,Chevrolet,Самовывоз со склада
208,Фонарь задний левый для Lacetti J200 2002-2014гг,2500.00₽,Lacetti J200 2002-2014гг,Седан,2008,F16D3,передний,1.6,-,180000,Chevrolet,Самовывоз со склада
596,Обшивка потолка для Lacetti J200 2002-2014гг,1500.00₽,Lacetti J200 2002-2014гг,Седан,2008,-,передний,-,-,-,Chevrolet,Самовывоз со склада
639,Кулак поворотный передний левый для Lacetti J200 2002-2014гг,2500.00₽,Lacetti J200 2002-2014гг,Седан,2008,-,передний,-,-,-,Chevrolet,Самовывоз со склада
209,Фонарь задний правый для Lacetti J200 2002-2014гг,1000.00₽,Lacetti J200 2002-2014гг,Седан,2008,F16D3,передний,1.6,-,180000,Chevrolet,Самовывоз со склада
227,Опора двигателя задняя для Lacetti J200 2002-2014гг,500.00₽,Lacetti J200 2002-2014гг,Седан,2008,F16D3,�,1.6,-,180000,Chevrolet,Самовывоз со склада
232,Бачок гидроусилителя для Lacetti J200 2002-2014гг,1000.00₽,Lacetti J200 2002-2014гг,Седан,2008,F16D3,�,1.6,-,80000 км,Chevrolet,Самовывоз со склада
221,Глушитель основной для Lacetti J200 2002-2014гг,1500.00₽,Lacetti J200 2002-2014гг,Седан,2008,F16D3,�,1.6,-,115 000 км,Chevrolet,Самовывоз со склада
262,Компрессор системы кондиционирования для Lacetti J200 2002-2014гг,6000.00₽,Lacetti J200 2002-2014гг,Седан,2008,F16D3,�,1.6,-,80000 км,Chevrolet,Самовывоз со склада
599,Пружина передняя для Lacetti J200 2002-2014гг,500.00₽,Lacetti J200 2002-2014гг,Седан,2008,-,передний,-,-,-,Chevrolet,Самовывоз со склада
704,Амортизатор передний правый для Lacetti J200 2007г.,1500.00₽,Lacetti J200 2002-2014гг,Седан,2007,-,передний,-,-,-,Chevrolet,Самовывоз со склада
226,Трубка кондиционера для Lacetti J200 2002-2014гг,500.00₽,Lacetti J200 2002-2014гг,Седан,2008,F16D3,�,1.6,-,80000 км,Chevrolet,Самовывоз со склада
не задан,Задний бампер для Chevrolet Spark M250 2007г,3000.00₽,Spark M300 2009-2015гг,Хэтчбек,2007,-,передний,-,-,-,Chevrolet,Самовывоз со склада
225,Средняя часть глушителя для Lacetti J200 2002-2014гг,1000.00₽,Lacetti J200 2002-2014гг,Седан,2008,F16D3,�,1.6,-,115 000 км,Chevrolet,Самовывоз со склада
215,Локер передний правый для Lacetti J200 2002-2014гг,1000.00₽,Lacetti J200 2002-2014гг,Седан,2008,F16D3,передний,1.6,-,180000,Chevrolet,Самовывоз со склада
не задан,Задний правый механический стеклоподъемник для Chevrolet Spark M250 2007г,500.00₽,Spark M300 2009-2015гг,Хэтчбек,2007,-,передний,-,-,-,Chevrolet,Самовывоз со склада
не задан,Задняя правая наружная ручка двери для Chevrolet Spark M250 2007г,500.00₽,Spark M300 2009-2015гг,Хэтчбек,2007,-,передний,-,-,-,Chevrolet,Самовывоз со склада
231,Бачок расширительный для Lacetti J200 2002-2014гг,500.00₽,Lacetti J200 2002-2014гг,Седан,2008,F16D3,�,1.6,-,80000 км,Chevrolet,Самовывоз со склада
261,Радиатор кондиционера (конденсер) для Lacetti J200 2002-2014гг,1000.00₽,Lacetti J200 2002-2014гг,Седан,2008,F16D3,�,1.6,-,180000 км,Chevrolet,Самовывоз со склада
408,Фонарь задний левый для Spark M250 2005-2009гг,2000.00₽,Spark M250 2005-2009гг,Хэтчбек,2008,-,передний,-,-,-,Chevrolet,Самовывоз со склада
328,Обшивка двери задней правой для Spark M250 2005-2009гг,500.00₽,Spark M250 2005-2009гг,Хэтчбек,2008,-,передний,-,-,-,Chevrolet,Самовывоз со склада
не задан,Задний правый замок двери для Chevrolet Spark M250 2007г,500.00₽,Spark M300 2009-2015гг,Хэтчбек,2007,-,передний,-,-,-,Chevrolet,Самовывоз со склада
463,Насос топливный электрический для Spark M250 2005-2009гг,2000.00₽,Spark M250 2005-2009гг,Хэтчбек,2008,-,передний,-,-,-,Chevrolet,Самовывоз со склада
517,Моторчик отопителя для Chevrolet Spark M250 2005-2009гг.,2500.00₽,Spark M250 2005-2009гг,Хэтчбек,2008,-,передний,-,-,-,Chevrolet,Самовывоз со склада
не задан,Задняя правая обшивка салона для Chevrolet Spark M250 2007г,500.00₽,Spark M300 2009-2015гг,Хэтчбек,2007,-,передний,-,-,-,Chevrolet,Самовывоз со склада
326,Обшивка двери передней правой для Spark M250 2005-2009гг,500.00₽,Spark M250 2005-2009гг,Хэтчбек,2008,-,передний,-,-,-,Chevrolet,Самовывоз со склада
не задан,Правое зеркало заднего вида для Daewoo Nexia,1000.00₽,Nexia II 2009-2016гг,Седан,2007,A15MF,передний,1.6,-,60 00 км,Daewoo,Самовывоз со склада
не задан,Двигатель ДВС для Daewoo Nexia,25000.00₽,Nexia II 2009-2016гг,Седан,2013,A15SMS,передний,1.6,-,120 000 км,Daewoo,Самовывоз со склада
не задан,Передний левый механический стеклоподъемник для Daewoo Nexia,1000.00₽,Nexia II 2009-2016гг,Седан,2013,A15SMS,передний,1.6,-,60 00 км,Daewoo,Самовывоз со склада
не задан,Задний правый стоп сигнал для Chevrolet Sens,500.00₽,Sens L-1300 2002-2016,"Седан, Хэтчбек",2005,A15SMS,передний,1.6,-,60 000 км,Chevrolet,Самовывоз со склада
не задан,Передний правый механический стеклоподъемник для Daewoo Nexia II,500.00₽,Nexia II 2009-2016гг,Седан,2013,A15SMS,передний,1.6,-,60 00 км,Daewoo,Самовывоз со склада
не задан,Корзина сцепления для Daewoo Nexia,1000.00₽,Nexia II 2009-2016гг,Седан,2007,A15SMS,передний,1.6,-,60 00 км,Daewoo,Самовывоз со склада
не задан,Передний тормозной диск для Daewoo Nexia,500.00₽,Nexia II 2009-2016гг,Седан,2012,A15SMS,передний,1.6,-,60 000 км,Daewoo,Самовывоз со склада
не задан,Бензонасос высокого давления для Daewoo Matiz KLYA,1500.00₽,Matiz M200 2005-2010гг,Хэтчбек,2007,A15SMS,передний,1.6,-,63 000 км,Daewoo,Самовывоз со склада
не задан,Дроссель для Daewoo Matiz KLYA,2000.00₽,Matiz M200 2005-2010гг,Хэтчбек,2007,B10S1,передний,1.6,-,63 000 км,Daewoo,Самовывоз со склада
не задан,"Механизм стеклоочистителя, мотор дворников для Daewoo Nexia",1000.00₽,Nexia II 2009-2016гг,Седан,2007,A15SMS,передний,1.6,-,60 00 км,Daewoo,Самовывоз со склада
не задан,Задний правый фонарь для Daewoo Matiz KLYA,500.00₽,Matiz M200 2005-2010гг,Хэтчбек,2007,B10S1,передний,1.6,-,63 000 км,Daewoo,Самовывоз со склада
не задан,Задняя ступица для Daewoo Matiz KLYA,500.00₽,Matiz M200 2005-2010гг,Хэтчбек,2007,B10S1,передний,1.6,-,63 000 км,Daewoo,Самовывоз со склада
не задан,Зеркало заднего вида левое для Daewoo Matiz KLYA,1000.00₽,Matiz M200 2005-2010гг,Хэтчбек,2007,B10S1,передний,1.6,-,63 000 км,Daewoo,Самовывоз со склада
не задан,"Передний левый привод, граната наружная  для Daewoo Matiz KLYA",1500.00₽,Matiz M200 2005-2010гг,Хэтчбек,2007,B10S1,передний,1.6,-,63 000 км,Daewoo,Самовывоз со склада
не задан,Передний правый привод в сборе для Daewoo Matiz KLYA,1500.00₽,Matiz M200 2005-2010гг,Хэтчбек,2007,B10S1,передний,1.6,-,63 000 км,Daewoo,Самовывоз со склада
не задан,Передний левый кулак в сборе для Daewoo Nexia,5000.00₽,Nexia II 2009-2016гг,Седан,2013,A15SMS,передний,1.6,-,60 000 км,Daewoo,Самовывоз со склада
не задан,Задняя балка для Daewoo Matiz KLYA,5000.00₽,Matiz M200 2005-2010гг,Хэтчбек,2007,B10S1,передний,1.6,-,63 000 км,Daewoo,Самовывоз со склада
не задан,Задняя пружина для Daewoo Matiz KLYA,500.00₽,Matiz M200 2005-2010гг,Хэтчбек,2007,B10S1,передний,1.6,-,63 000 км,Daewoo,Самовывоз со склада
не задан,Передняя правая стойка в сборе для Daewoo Matiz KLYA,3000.00₽,Matiz M200 2005-2010гг,Хэтчбек,2007,B10S1,передний,1.6,-,63 000 км,Daewoo,Самовывоз со склада
не задан,Правое зеркало заднего вида для Daewoo Matiz KLYA,1000.00₽,Matiz M200 2005-2010гг,Хэтчбек,2007,B10S1,передний,1.6,-,63 000 км,Daewoo,Самовывоз со склада
не задан,Передняя левая стойка в сборе для Daewoo Matiz KLYA,3000.00₽,Matiz M200 2005-2010гг,Хэтчбек,2007,B10S1,передний,1.6,-,63 000 км,Daewoo,Самовывоз со склада
не задан,Механическая коробка передач (мкпп) для Daewoo Nexia,7000.00₽,Nexia II 2009-2016гг,Седан,2013,A15SMS,передний,1.6,-,60 00 км,Daewoo,Самовывоз со склада
не задан,Главный тормозной цилиндр и вакуум для Daewoo Matiz KLYA,2500.00₽,Matiz M200 2005-2010гг,Хэтчбек,2007,B10S1,передний,1.6,-,63 000 км,Daewoo,Самовывоз со склада
не задан,Передний правый суппорт для Daewoo Matiz KLYA,500.00₽,Matiz M200 2005-2010гг,Хэтчбек,2007,B10S1,передний,1.6,-,63 000 км,Daewoo,Самовывоз со склада
не задан,Топливные форсунки и рампа для Daewoo Matiz KLYA,1500.00₽,Matiz M200 2005-2010гг,Хэтчбек,2007,B10S1,передний,1.6,-,63 000 км,Daewoo,Самовывоз со склада
не задан,Блок управления печкой для Daewoo Matiz 2008г,500.00₽,Matiz M200 2005-2010гг,Хэтчбек,2008,B10S1,передний,-,-,-,Daewoo,Самовывоз со склада
не задан,Тормозной вакуум для Daewoo Matiz KLYA,1000.00₽,Matiz M200 2005-2010гг,Хэтчбек,2007,B10S1,передний,1.6,-,63 000 км,Daewoo,Самовывоз со склада
не задан,Фара передняя левая для Daewoo Matiz KLYA,1000.00₽,Matiz M200 2005-2010гг,Хэтчбек,2007,B10S1,передний,1.6,-,63 000 км,Daewoo,Самовывоз со склада
не задан,Генератор для Daewoo Matiz 2008г,3000.00₽,Matiz M200 2005-2010гг,Хэтчбек,2008,B10S1,передний,-,-,-,Daewoo,Самовывоз со склада
не задан,Рулевая рейка механическая для Daewoo Matiz KLYA,1000.00₽,Matiz M200 2005-2010гг,Хэтчбек,2007,B10S1,передний,1.6,-,63 000 км,Daewoo,Самовывоз со склада
не задан,Задний амортизатор для Daewoo Matiz 2008г,300.00₽,Matiz M200 2005-2010гг,Хэтчбек,2008,B10S1,передний,-,-,-,Daewoo,Самовывоз со склада
не задан,Передний левый привод для Daewoo Matiz 2008г,1500.00₽,Matiz M200 2005-2010гг,Хэтчбек,2008,B10S1,передний,-,-,-,Daewoo,Самовывоз со склада
не задан,Механическая коробка передач для Daewoo Matiz 2008г,6000.00₽,Matiz M200 2005-2010гг,Хэтчбек,2008,B10S1,передний,-,-,-,Daewoo,Самовывоз со склада
не задан,Подушка безопасности AIR-BAG  в руль для Daewoo Matiz 2008г,1000.00₽,Matiz M200 2005-2010гг,Хэтчбек,2008,B10S1,передний,-,-,-,Daewoo,Самовывоз со склада
не задан,Передняя левая цапфа (кулак) для Daewoo Matiz 2008г,1000.00₽,Matiz M200 2005-2010гг,Хэтчбек,2008,B10S1,передний,-,-,-,Daewoo,Самовывоз со склада
не задан,Фара передняя правая для Daewoo Matiz KLYA,1000.00₽,Matiz M200 2005-2010гг,Хэтчбек,2007,B10S1,передний,1.6,-,63 000 км,Daewoo,Самовывоз со склада
не задан,Передний правый суппорт для Daewoo Matiz 2008г,500.00₽,Matiz M200 2005-2010гг,Хэтчбек,2008,B10S1,передний,-,-,-,Daewoo,Самовывоз со склада
не задан,Передняя балка подвески для Daewoo Matiz 2008г,2000.00₽,Matiz M200 2005-2010гг,Хэтчбек,2008,B10S1,передний,-,-,-,Daewoo,Самовывоз со склада
не задан,"Задняя левая цапфа (кулак), ступица для Chevrolet Lacetti J200",2500.00₽,Lacetti J200 2002-2014гг,"Седан, Хэтчбек, Универсал",2009,F16D3,передний,1.6,-,85 000 км,Chevrolet,Самовывоз со склада
не задан,Задний правый суппорт для Chevrolet Lacceti J200,1500.00₽,Lacetti J200 2002-2014гг,"Седан, Хэтчбек, Универсал",2009,F16D3,передний,1.6,-,85 000 км,Chevrolet,Самовывоз со склада
не задан,Бензонасос для Chevrolet Lacetti J200,2500.00₽,Lacetti J200 2002-2014гг,"Седан, Хэтчбек, Универсал",2013,F16D3,передний,1.6,-,85 000 км,Chevrolet,Самовывоз со склада
не задан,Задний тормозной диск для Chevrolet Lacetti J200,500.00₽,Lacetti J200 2002-2014гг,"Седан, Хэтчбек, Универсал",2009,F16D3,передний,1.6,-,85 000 км,Chevrolet,Самовывоз со склада
не задан,Корпус печки для Daewoo Matiz 2008г,1000.00₽,Matiz M200 2005-2010гг,Хэтчбек,2008,B10S1,передний,-,-,-,Daewoo,Самовывоз со склада
не задан,Задняя правая стойка для Chevrolet Lacetti J200,2000.00₽,Lacetti J200 2002-2014гг,"Седан, Хэтчбек, Универсал",2009,F16D3,передний,1.6,-,85 000 км,Chevrolet,Самовывоз со склада
не задан,Передний правый суппорт для Chevrolet Lacceti J200,1000.00₽,Lacetti J200 2002-2014гг,"Седан, Хэтчбек, Универсал",2010,F16D3,передний,1.6,-,85 000 км,Chevrolet,Самовывоз со склада
не задан,Передний тормозной диск для Chevrolet Lacceti J200,500.00₽,Lacetti J200 2002-2014гг,"Седан, Хэтчбек, Универсал",2009,F16D3,передний,1.6,-,85 000 км,Chevrolet,Самовывоз со склада
не задан,Передний левый суппорт для Chevrolet Lacceti J200,1000.00₽,Lacetti J200 2002-2014гг,"Седан, Хэтчбек, Универсал",2009,F16D3,передний,1.6,-,85 000 км,Chevrolet,Самовывоз со склада
не задан,Задний левый стоп сигнал для Chevrolet Lacetti J200,1000.00₽,Lacetti J200 2002-2014гг,"Седан, Хэтчбек, Универсал",2010,F16D3,передний,1.6,-,85 000 км,Chevrolet,Самовывоз со склада
не задан,"Задняя правая цапфа (кулак), ступица для Chevrolet Lacetti J200",2500.00₽,Lacetti J200 2002-2014гг,"Седан, Хэтчбек, Универсал",2009,F16D3,передний,1.6,-,85 000 км,Chevrolet,Самовывоз со склада
не задан,Передняя пружина для Chevrolet Lacceti J200,500.00₽,Lacetti J200 2002-2014гг,"Седан, Хэтчбек, Универсал",2010,F16D3,передний,1.6,-,85 000 км,Chevrolet,Самовывоз со склада
не задан,Моторчик печки для Daewoo Matiz 2008г,1000.00₽,Matiz M200 2005-2010гг,Хэтчбек,2008,B10S1,передний,-,-,-,Daewoo,Самовывоз со склада
не задан,Задний правый стоп сигнал для Chevrolet Lacetti J200,1000.00₽,Lacetti J200 2002-2014гг,"Седан, Хэтчбек, Универсал",2010,F16D3,передний,1.6,-,85 000 км,Chevrolet,Самовывоз со склада
не задан,Зеркало левое боковое заднего вида для Chevrolet Lacetti J200,2500.00₽,Lacetti J200 2002-2014гг,"Седан, Хэтчбек, Универсал",2009,F16D3,передний,1.6,-,85 000 км,Chevrolet,Самовывоз со склада
не задан,Тормозной вакуум для Chevrolet Lacetti J200,1500.00₽,Lacetti J200 2002-2014гг,"Седан, Хэтчбек, Универсал",2010,F16D3,передний,1.6,-,85 000 км,Chevrolet,Самовывоз со склада
не задан,Трубка подачи топлива для Chevrolet Lacetti J200,500.00₽,Lacetti J200 2002-2014гг,"Седан, Хэтчбек, Универсал",2010,F16D3,передний,1.6,-,85 000 км,Chevrolet,Самовывоз со склада
не задан,Блок ABS для Chevrolet Lacetti J200 2009г,3000.00₽,Lacetti J200 2002-2014гг,"Седан, Хэтчбек, Универсал",2009,F16D3,передний,-,-,79000,Chevrolet,Самовывоз со склада
не задан,Замок зажигания для Chevrolet Lacetti J200,2000.00₽,Lacetti J200 2002-2014гг,"Седан, Хэтчбек, Универсал",2009,F16D3,передний,1.6,-,85 000 км,Chevrolet,Самовывоз со склада
не задан,Передняя правая стойка для Chevrolet Lacetti J200 2009г,2000.00₽,Lacetti J200 2002-2014гг,"Седан, Хэтчбек, Универсал",2009,F16D3,передний,-,-,79000,Chevrolet,Самовывоз со склада
не задан,Передний левый рычаг подвески для Daewoo Nexia,1500.00₽,Nexia II 2009-2016гг,Седан,2013,A15SMS,передний,1.6,-,60 000 км,Daewoo,Самовывоз со склада
не задан,Левая подушка МКПП для Chevrolet Lacetti J200 2009г,500.00₽,Lacetti J200 2002-2014гг,"Седан, Хэтчбек, Универсал",2009,F16D3,передний,-,-,79000,Chevrolet,Самовывоз со склада
не задан,Передний левый суппорт  для Daewoo Nexia,800.00₽,Nexia II 2009-2016гг,Седан,2011,A15SMS,передний,1.6,-,60 000 км,Daewoo,Самовывоз со склада
не задан,Передняя пружина для Daewoo Nexia,500.00₽,Nexia II 2009-2016гг,Седан,2012,A15SMS,передний,1.6,-,60 000 км,Daewoo,Самовывоз со склада
не задан,Трапеция дворников для Chevrolet Lacetti J200 2009г,1500.00₽,Lacetti J200 2002-2014гг,"Седан, Хэтчбек, Универсал",2009,F16D3,передний,-,-,-,Chevrolet,Самовывоз со склада
не задан,Правая подушка мотора для Chevrolet Lacetti J200 2009г,500.00₽,Lacetti J200 2002-2014гг,"Седан, Хэтчбек, Универсал",2009,F16D3,передний,-,-,79000,Chevrolet,Самовывоз со склада
не задан,Привод передний левый в сборе для Daewoo Nexia,2500.00₽,Nexia II 2009-2016гг,Седан,2012,A15SMS,передний,1.6,-,60 000 км,Daewoo,Самовывоз со склада
не задан,Передний правый суппорт для Daewoo Nexia,1000.00₽,Nexia II 2009-2016гг,Седан,2012,A15SMS,передний,1.6,-,60 00 км,Daewoo,Самовывоз со склада
не задан,Привод передний левый для Daewoo Nexia,2500.00₽,Nexia II 2009-2016гг,Седан,2012,A15SMS,передний,1.6,-,60 000 км,Daewoo,Самовывоз со склада
не задан,Радиатор и вентилятор охлаждения для Daewoo Nexia,4000.00₽,Nexia II 2009-2016гг,Седан,2012,A15SMS,передний,1.6,-,60 000 км,Daewoo,Самовывоз со склада
не задан,Рулевая рейка механическая для Daewoo Nexia,1500.00₽,Nexia II 2009-2016гг,Седан,2012,A15SMS,передний,1.6,-,60 00 км,Daewoo,Самовывоз со склада
не задан,Тормозной вакуум для Daewoo Nexia,1000.00₽,Nexia II 2009-2016гг,Седан,2012,A15MF,передний,1.6,-,65 000 км,Daewoo,Самовывоз со склада
не задан,Стартер для Daewoo Nexia,4000.00₽,Nexia II 2009-2016гг,Седан,2012,A15SMS,передний,1.6,-,60 00 км,Daewoo,Самовывоз со склада
не задан,Топливные форсунки и рампа для Daewoo Nexia,2500.00₽,Nexia II 2009-2016гг,Седан,2012,A15MF,передний,1.6,-,65 000 км,Daewoo,Самовывоз со склада
не задан,Задний тормозной диск для Daewoo Nexia 2,500.00₽,Nexia II 2009-2016гг,Седан,2010,-,передний,-,-,62 000 км,Daewoo,Самовывоз со склада
не задан,Задняя левая фара для Daewoo Nexia 2,2000.00₽,Nexia II 2009-2016гг,Седан,2012,-,передний,-,-,-,Daewoo,Самовывоз со склада
не задан,Задний бампер синий для Daewoo Nexia 2,5000.00₽,Nexia II 2009-2016гг,Седан,2012,-,передний,-,-,-,Daewoo,Самовывоз со склада
не задан,Задняя правая фара для Daewoo Nexia 2,2000.00₽,Nexia II 2009-2016гг,Седан,2012,-,передний,-,-,-,Daewoo,Самовывоз со склада
не задан,Задний бампер серый для Daewoo Nexia 2,3000.00₽,Nexia II 2009-2016гг,Седан,2012,-,передний,-,-,-,Daewoo,Самовывоз со склада
не задан,Передняя левая дверь для Daewoo Nexia 2011г,5000.00₽,Nexia II 2009-2016гг,Седан,2011,-,передний,-,-,-,Daewoo,Самовывоз со склада
не задан,Расширительный бочок для Daewoo Nexia 2,500.00₽,Nexia II 2009-2016гг,Седан,2012,-,передний,-,-,-,Daewoo,Самовывоз со склада
не задан,Передний правый суппорт для Hyundai Matrix 2011г,1000.00₽,Matrix 2008-2016гг,Минивэн,2011,-,передний,-,-,30 000 км,Hyundai,Самовывоз со склада
не задан,Радиатор печки для Daewoo Nexia,1000.00₽,Nexia II 2009-2016гг,Седан,2012,A15SMS,передний,1.6,-,60 000 км,Daewoo,Самовывоз со склада
не задан,Передний тормозной диск для Hyundai Matrix 2011г,500.00₽,Matrix 2008-2016гг,Минивэн,2011,-,передний,-,-,30 000 км,Hyundai,Самовывоз со склада
не задан,Передний правый датчик ABS для Hyundai Matrix 2011г,1000.00₽,Matrix 2008-2016гг,Минивэн,2011,-,передний,-,-,30 000 км,Hyundai,Самовывоз со склада
не задан,Главный тормозной цилиндр для Hyundai Elantra,2000.00₽,Elantra HD 2005-2010,Седан,2004,G4ED,предний,-,-,-,Hyundai,Самовывоз со склада
не задан,Крышка багажника (синий) для Daewoo Nexia 2011г,5000.00₽,Nexia II 2009-2016гг,Седан,2011,-,передний,-,-,-,Daewoo,Самовывоз со склада
не задан,Задний левый стоп сигнал (фонарь) для Hyundai Elantra,2500.00₽,Elantra HD 2005-2010,Седан,2010,-,предний,-,Hyundai Avante,-,Hyundai,Самовывоз со склада
не задан,Бензонасос высокого давления для Daewoo Matiz 2007г,1500.00₽,Matiz M200 2005-2010гг,Хэтчбек,2007,-,передний,-,-,80000 км,Daewoo,Самовывоз со склада
не задан,"Передний левый кулак (цапфа), тормозной суппорт и диск для Hyundai Elantra",2500.00₽,Elantra HD 2005-2010,Седан,2010,-,предний,-,Hyundai Avante,-,Hyundai,Самовывоз со склада
не задан,Крышка багажника (бардовый) для Daewoo Nexia 2011г,4000.00₽,Nexia II 2009-2016гг,Седан,2011,-,передний,-,-,-,Daewoo,Самовывоз со склада
не задан,Замок зажигания для Hyundai Elantra,1500.00₽,Elantra HD 2005-2010,Седан,2009,-,предний,-,-,-,Hyundai,Самовывоз со склада
не задан,Бензонасос высокого давления для Daewoo Matiz 2011г,1500.00₽,Matiz M200 2005-2010гг,Хэтчбек,2011,-,передний,-,-,63000 км,Daewoo,Самовывоз со склада
не задан,Задний правый стоп сигнал (фонарь) для Hyundai Elantra,2500.00₽,Elantra HD 2005-2010,Седан,2010,-,предний,-,Hyundai Avante,-,Hyundai,Самовывоз со склада
не задан,Выхлопной коллектор (катализатор) для Hyundai Elantra HD,3000.00₽,Elantra HD 2005-2010,Седан,2010,-,предний,-,Hyundai Avante,-,Hyundai,Самовывоз со склада
не задан,Дроссель для Hyundai Elantra,1500.00₽,Elantra HD 2005-2010,Седан,-,G4ED,предний,-,-,-,Hyundai,Самовывоз со склада
